,State,CO2_QTY_TONNES,TF,Date,Average
5029,Albania,11834.426,1034,2020-01,11.45
5072,Albania,10022.229,876,2020-02,11.44
5115,Albania,5048.149,461,2020-03,10.95
5158,Albania,507.426,76,2020-04,6.68
5201,Albania,1106.599,111,2020-05,9.97
5244,Albania,2204.733,230,2020-06,9.59
5287,Albania,11300.977,963,2020-07,11.74
5330,Albania,13321.763,1139,2020-08,11.7
5373,Albania,9504.529,848,2020-09,11.21
5417,Albania,7139.074,751,2020-10,9.51
5460,Albania,5085.959,623,2020-11,8.16
5503,Albania,5212.267,527,2020-12,9.89
5546,Albania,4879.1484,519,2021-01,9.4
5589,Albania,3954.4657,486,2021-02,8.14
5632,Albania,5118.939,564,2021-03,9.08
5675,Albania,6162.00165,603,2021-04,10.22
5718,Albania,9510.59545,806,2021-05,11.8
5761,Albania,14561.34425,1191,2021-06,12.23
5804,Albania,22277.5234,1665,2021-07,13.38
5847,Albania,28739.379,2053,2021-08,14.0
5890,Albania,23539.50745,1699,2021-09,13.85
5933,Albania,18178.42065,1310,2021-10,13.88
5976,Albania,13669.3242,1061,2021-11,12.88
6019,Albania,15910.76025,1204,2021-12,13.21
6062,Albania,14642.8632,1121,2022-01,13.06
6105,Albania,11565.54,908,2022-02,12.74
6148,Albania,15527.78325,1163,2022-03,13.35
6191,Albania,20676.04875,1483,2022-04,13.94
6234,Albania,24439.48605,1794,2022-05,13.62
6277,Albania,25751.33715,1866,2022-06,13.8
6321,Albania,30960.72135,2214,2022-07,13.98
6364,Albania,33039.65545,2363,2022-08,13.98
6407,Albania,27968.4053,1990,2022-09,14.05
6450,Albania,23093.56665,1704,2022-10,13.55
6493,Albania,18679.40485,1413,2022-11,13.22
6536,Albania,19383.2919,1511,2022-12,12.83
6579,Albania,18549.8028,1440,2023-01,12.88
6622,Albania,15600.57975,1233,2023-02,12.65
6665,Albania,18148.4982,1518,2023-03,11.96
5030,Armenia,20693.241,1100,2020-01,18.81
5073,Armenia,17186.818,911,2020-02,18.87
5116,Armenia,12642.022,668,2020-03,18.93
5159,Armenia,2517.713,110,2020-04,22.89
5202,Armenia,2311.543,109,2020-05,21.21
5245,Armenia,3497.915,156,2020-06,22.42
5288,Armenia,3860.707,156,2020-07,24.75
5331,Armenia,5453.344,237,2020-08,23.01
5374,Armenia,6850.911,311,2020-09,22.03
5418,Armenia,8890.001,402,2020-10,22.11
5461,Armenia,15813.746,667,2020-11,23.71
5504,Armenia,11982.561,547,2020-12,21.91
5547,Armenia,8157.91375,371,2021-01,21.99
5590,Armenia,10419.365,499,2021-02,20.88
5633,Armenia,13334.03215,669,2021-03,19.93
5676,Armenia,13184.451,670,2021-04,19.68
5719,Armenia,16450.9065,792,2021-05,20.77
5762,Armenia,18210.8869,872,2021-06,20.88
5805,Armenia,26326.1267,1239,2021-07,21.25
5848,Armenia,30188.02185,1410,2021-08,21.41
5891,Armenia,24413.94585,1149,2021-09,21.25
5934,Armenia,22406.14125,1064,2021-10,21.06
5977,Armenia,20179.03545,959,2021-11,21.04
6020,Armenia,20720.637,986,2021-12,21.01
6063,Armenia,18198.3816,877,2022-01,20.75
6106,Armenia,13796.34735,691,2022-02,19.97
6149,Armenia,21144.32775,1036,2022-03,20.41
6192,Armenia,22778.1225,1145,2022-04,19.89
6235,Armenia,25343.8405,1337,2022-05,18.96
6278,Armenia,31891.22685,1617,2022-06,19.72
6322,Armenia,40028.6313,2001,2022-07,20.0
6365,Armenia,41507.13105,2084,2022-08,19.92
6408,Armenia,37583.9982,1870,2022-09,20.1
6451,Armenia,37762.515,1821,2022-10,20.74
6494,Armenia,31794.3927,1540,2022-11,20.65
6537,Armenia,35930.01855,1687,2022-12,21.3
6580,Armenia,35784.9009,1702,2023-01,21.03
6623,Armenia,28916.00775,1403,2023-02,20.61
6666,Armenia,33831.43155,1658,2023-03,20.4
5031,Austria,233968.943,14661,2020-01,15.96
5074,Austria,216859.36,14469,2020-02,14.99
5117,Austria,131019.67,8078,2020-03,16.22
5160,Austria,23987.722,1126,2020-04,21.3
5203,Austria,28699.167,1870,2020-05,15.35
5246,Austria,28924.839,3601,2020-06,8.03
5289,Austria,73845.038,7366,2020-07,10.03
5332,Austria,92872.198,8721,2020-08,10.65
5375,Austria,82021.263,8289,2020-09,9.9
5419,Austria,67225.114,6617,2020-10,10.16
5462,Austria,47057.577,4032,2020-11,11.67
5505,Austria,49183.794,3943,2020-12,12.47
5548,Austria,46703.9983,3479,2021-01,13.42
5591,Austria,38915.84195,3473,2021-02,11.21
5634,Austria,49806.616,4328,2021-03,11.51
5677,Austria,67376.2407,4941,2021-04,13.64
5720,Austria,73847.95435,5722,2021-05,12.91
5763,Austria,92673.8031,7838,2021-06,11.82
5806,Austria,148385.90805,11113,2021-07,13.35
5849,Austria,158752.66475,12008,2021-08,13.22
5892,Austria,150117.23315,11822,2021-09,12.7
5935,Austria,155965.15015,11322,2021-10,13.78
5978,Austria,139611.7689,9521,2021-11,14.66
6021,Austria,143288.0749,8883,2021-12,16.13
6064,Austria,135688.7615,8619,2022-01,15.74
6107,Austria,115089.5303,8183,2022-02,14.06
6150,Austria,147017.1681,10503,2022-03,14.0
6193,Austria,172253.713,11052,2022-04,15.59
6236,Austria,187731.9966,12960,2022-05,14.49
6279,Austria,195813.97845,13676,2022-06,14.32
6323,Austria,223285.98725,14661,2022-07,15.23
6366,Austria,220581.75715,14448,2022-08,15.27
6409,Austria,210119.4495,14352,2022-09,14.64
6452,Austria,202552.20655,13586,2022-10,14.91
6495,Austria,165542.86205,11069,2022-11,14.96
6538,Austria,178166.1715,11438,2022-12,15.58
6581,Austria,178327.0218,11355,2023-01,15.7
6624,Austria,163202.5857,10985,2023-02,14.86
6667,Austria,194526.47505,12786,2023-03,15.21
5032,Belgium,368320.597,12580,2020-01,29.28
5075,Belgium,346746.155,12123,2020-02,28.6
5118,Belgium,316130.753,8623,2020-03,36.66
5161,Belgium,204807.484,2499,2020-04,81.96
5204,Belgium,238593.524,3104,2020-05,76.87
5247,Belgium,223893.793,4197,2020-06,53.35
5290,Belgium,279485.209,7687,2020-07,36.36
5333,Belgium,299467.902,8154,2020-08,36.73
5376,Belgium,274356.16,6965,2020-09,39.39
5420,Belgium,276659.775,6581,2020-10,42.04
5463,Belgium,283908.87,5374,2020-11,52.83
5506,Belgium,299450.823,6129,2020-12,48.86
5549,Belgium,274233.83305,5191,2021-01,52.83
5592,Belgium,250095.9496,4481,2021-02,55.81
5635,Belgium,286795.26045,4960,2021-03,57.82
5678,Belgium,304259.8772,5522,2021-04,55.1
5721,Belgium,333961.09025,6597,2021-05,50.62
5764,Belgium,360738.31035,8808,2021-06,40.96
5807,Belgium,416539.69945,11834,2021-07,35.2
5850,Belgium,425673.6332,12143,2021-08,35.06
5893,Belgium,408588.85365,12056,2021-09,33.89
5936,Belgium,421983.338,11911,2021-10,35.43
5979,Belgium,405151.9564,11052,2021-11,36.66
6022,Belgium,409152.2333,10874,2021-12,37.63
6065,Belgium,366212.50425,9223,2022-01,39.71
6108,Belgium,340018.88195,9107,2022-02,37.34
6151,Belgium,414306.5019,11480,2022-03,36.09
6194,Belgium,410584.5015,11962,2022-04,34.32
6237,Belgium,423484.66375,13213,2022-05,32.05
6280,Belgium,420862.7438,13019,2022-06,32.33
6324,Belgium,463789.4332,14496,2022-07,31.99
6367,Belgium,466200.55735,14097,2022-08,33.07
6410,Belgium,427699.33705,13525,2022-09,31.62
6453,Belgium,429140.71885,12917,2022-10,33.22
6496,Belgium,393261.4206,11015,2022-11,35.7
6539,Belgium,394881.31,10940,2022-12,36.1
6582,Belgium,365958.0951,10419,2023-01,35.12
6625,Belgium,352613.21045,10091,2023-02,34.94
6668,Belgium,400690.2622,11693,2023-03,34.27
5033,Bosnia-Herzegovina,6149.965,581,2020-01,10.59
5076,Bosnia-Herzegovina,5623.332,563,2020-02,9.99
5119,Bosnia-Herzegovina,3456.589,374,2020-03,9.24
5162,Bosnia-Herzegovina,856.123,111,2020-04,7.71
5205,Bosnia-Herzegovina,623.193,102,2020-05,6.11
5248,Bosnia-Herzegovina,2887.101,307,2020-06,9.4
5291,Bosnia-Herzegovina,4152.647,438,2020-07,9.48
5334,Bosnia-Herzegovina,4976.153,468,2020-08,10.63
5377,Bosnia-Herzegovina,3694.947,380,2020-09,9.72
5421,Bosnia-Herzegovina,3348.188,369,2020-10,9.07
5464,Bosnia-Herzegovina,2752.335,316,2020-11,8.71
5507,Bosnia-Herzegovina,2871.657,301,2020-12,9.54
5550,Bosnia-Herzegovina,2594.60025,284,2021-01,9.14
5593,Bosnia-Herzegovina,1921.3059,228,2021-02,8.43
5636,Bosnia-Herzegovina,2976.0716,330,2021-03,9.02
5679,Bosnia-Herzegovina,3412.73835,377,2021-04,9.05
5722,Bosnia-Herzegovina,5362.1281,474,2021-05,11.31
5765,Bosnia-Herzegovina,9852.6398,764,2021-06,12.9
5808,Bosnia-Herzegovina,16515.9712,1086,2021-07,15.21
5851,Bosnia-Herzegovina,15834.506,1074,2021-08,14.74
5894,Bosnia-Herzegovina,10664.95485,873,2021-09,12.22
5937,Bosnia-Herzegovina,8921.12005,779,2021-10,11.45
5980,Bosnia-Herzegovina,7113.2504,673,2021-11,10.57
6023,Bosnia-Herzegovina,9338.94865,787,2021-12,11.87
6066,Bosnia-Herzegovina,6383.0436,564,2022-01,11.32
6109,Bosnia-Herzegovina,4209.086,417,2022-02,10.09
6152,Bosnia-Herzegovina,6725.22735,673,2022-03,9.99
6195,Bosnia-Herzegovina,10139.20655,870,2022-04,11.65
6238,Bosnia-Herzegovina,12956.8997,1050,2022-05,12.34
6281,Bosnia-Herzegovina,15229.3992,1154,2022-06,13.2
6325,Bosnia-Herzegovina,20827.95755,1381,2022-07,15.08
6368,Bosnia-Herzegovina,19554.08075,1323,2022-08,14.78
6411,Bosnia-Herzegovina,13353.4923,1112,2022-09,12.01
6454,Bosnia-Herzegovina,9382.2415,904,2022-10,10.38
6497,Bosnia-Herzegovina,7385.80745,738,2022-11,10.01
6540,Bosnia-Herzegovina,7984.4531,733,2022-12,10.89
6583,Bosnia-Herzegovina,8074.5408,740,2023-01,10.91
6626,Bosnia-Herzegovina,6910.1452,642,2023-02,10.76
6669,Bosnia-Herzegovina,8200.6047,777,2023-03,10.55
5034,Bulgaria,45409.442,2856,2020-01,15.9
5077,Bulgaria,43588.945,2718,2020-02,16.04
5120,Bulgaria,33671.293,1972,2020-03,17.07
5163,Bulgaria,13302.732,644,2020-04,20.66
5206,Bulgaria,21893.92,969,2020-05,22.59
5249,Bulgaria,30081.068,1517,2020-06,19.83
5292,Bulgaria,51415.285,2885,2020-07,17.82
5335,Bulgaria,51674.557,3047,2020-08,16.96
5378,Bulgaria,43248.679,2546,2020-09,16.99
5422,Bulgaria,36996.369,2065,2020-10,17.92
5465,Bulgaria,25196.975,1384,2020-11,18.21
5508,Bulgaria,29601.817,1606,2020-12,18.43
5551,Bulgaria,26254.60405,1305,2021-01,20.12
5594,Bulgaria,21079.1729,1124,2021-02,18.75
5637,Bulgaria,24323.0532,1343,2021-03,18.11
5680,Bulgaria,30643.20575,1514,2021-04,20.24
5723,Bulgaria,31108.3649,1722,2021-05,18.07
5766,Bulgaria,39625.7324,2557,2021-06,15.5
5809,Bulgaria,70476.31145,4233,2021-07,16.65
5852,Bulgaria,84183.92805,4914,2021-08,17.13
5895,Bulgaria,64868.1778,3823,2021-09,16.97
5938,Bulgaria,46787.90445,2821,2021-10,16.59
5981,Bulgaria,35212.90915,2194,2021-11,16.05
6024,Bulgaria,40378.7639,2372,2021-12,17.02
6067,Bulgaria,39532.48655,2164,2022-01,18.27
6110,Bulgaria,31700.12385,1964,2022-02,16.14
6153,Bulgaria,36997.9874,2360,2022-03,15.68
6196,Bulgaria,49321.07505,2935,2022-04,16.8
6239,Bulgaria,53968.1496,3398,2022-05,15.88
6282,Bulgaria,67714.31665,4190,2022-06,16.16
6326,Bulgaria,85787.8966,5199,2022-07,16.5
6369,Bulgaria,85636.8082,5184,2022-08,16.52
6412,Bulgaria,72109.87665,4277,2022-09,16.86
6455,Bulgaria,57271.125,3282,2022-10,17.45
6498,Bulgaria,39701.58225,2695,2022-11,14.73
6541,Bulgaria,43850.7614,2737,2022-12,16.02
6584,Bulgaria,46023.89105,2786,2023-01,16.52
6627,Bulgaria,39636.76205,2519,2023-02,15.74
6670,Bulgaria,46184.73825,2987,2023-03,15.46
5035,Canary Islands,299916.646,16401,2020-01,18.29
5078,Canary Islands,292907.753,15600,2020-02,18.78
5121,Canary Islands,214939.297,10926,2020-03,19.67
5164,Canary Islands,10229.267,1228,2020-04,8.33
5207,Canary Islands,11006.264,1643,2020-05,6.7
5250,Canary Islands,18642.724,3245,2020-06,5.75
5293,Canary Islands,111492.225,9466,2020-07,11.78
5336,Canary Islands,146331.789,12314,2020-08,11.88
5379,Canary Islands,96737.236,9371,2020-09,10.32
5423,Canary Islands,87720.069,8519,2020-10,10.3
5466,Canary Islands,83692.192,8044,2020-11,10.4
5509,Canary Islands,113055.124,9134,2020-12,12.38
5552,Canary Islands,73770.0892,6367,2021-01,11.59
5595,Canary Islands,45352.41005,4880,2021-02,9.29
5638,Canary Islands,55110.5656,6625,2021-03,8.32
5681,Canary Islands,69403.54855,7284,2021-04,9.53
5724,Canary Islands,80312.41235,8683,2021-05,9.25
5767,Canary Islands,108490.1782,10147,2021-06,10.69
5810,Canary Islands,182184.1282,13576,2021-07,13.42
5853,Canary Islands,214327.9966,14755,2021-08,14.53
5896,Canary Islands,207295.58625,13620,2021-09,15.22
5939,Canary Islands,268475.883,14764,2021-10,18.18
5982,Canary Islands,294622.09045,15219,2021-11,19.36
6025,Canary Islands,320029.025,16545,2021-12,19.34
6068,Canary Islands,277123.7534,14688,2022-01,18.87
6111,Canary Islands,254354.1222,14026,2022-02,18.13
6154,Canary Islands,302121.12195,16860,2022-03,17.92
6197,Canary Islands,300134.93005,16815,2022-04,17.85
6240,Canary Islands,244780.9388,15451,2022-05,15.84
6283,Canary Islands,240602.52035,15364,2022-06,15.66
6327,Canary Islands,268810.33665,17497,2022-07,15.36
6370,Canary Islands,269891.17785,17466,2022-08,15.45
6413,Canary Islands,250441.4204,15935,2022-09,15.72
6456,Canary Islands,300860.4001,17737,2022-10,16.96
6499,Canary Islands,326696.9844,18115,2022-11,18.03
6542,Canary Islands,353564.5696,19064,2022-12,18.55
6585,Canary Islands,326658.70485,17508,2023-01,18.66
6628,Canary Islands,303149.0715,16551,2023-02,18.32
6671,Canary Islands,333519.4886,18759,2023-03,17.78
5036,Croatia,16911.849,2315,2020-01,7.31
5079,Croatia,16920.919,2245,2020-02,7.54
5122,Croatia,13443.353,1692,2020-03,7.95
5165,Croatia,3333.184,235,2020-04,14.18
5208,Croatia,2615.799,570,2020-05,4.59
5251,Croatia,8099.992,1833,2020-06,4.42
5294,Croatia,31727.993,4347,2020-07,7.3
5337,Croatia,48020.277,5761,2020-08,8.34
5380,Croatia,26265.29,3288,2020-09,7.99
5424,Croatia,11063.442,1964,2020-10,5.63
5467,Croatia,6343.056,1385,2020-11,4.58
5510,Croatia,5467.339,1143,2020-12,4.78
5553,Croatia,5109.584,1114,2021-01,4.59
5596,Croatia,4900.77075,1068,2021-02,4.59
5639,Croatia,5991.5642,1467,2021-03,4.08
5682,Croatia,8368.28425,1734,2021-04,4.83
5725,Croatia,12525.04115,2371,2021-05,5.28
5768,Croatia,28110.13435,3863,2021-06,7.28
5811,Croatia,64132.9775,6952,2021-07,9.23
5854,Croatia,78876.1045,7886,2021-08,10.0
5897,Croatia,64908.63515,6338,2021-09,10.24
5940,Croatia,43281.92345,4638,2021-10,9.33
5983,Croatia,14912.5755,2185,2021-11,6.82
6026,Croatia,16574.46315,2287,2021-12,7.25
6069,Croatia,14489.95405,2015,2022-01,7.19
6112,Croatia,13096.48985,1948,2022-02,6.72
6155,Croatia,18437.0325,2518,2022-03,7.32
6198,Croatia,36792.1077,3948,2022-04,9.32
6241,Croatia,54959.52585,5356,2022-05,10.26
6284,Croatia,75449.22875,6950,2022-06,10.86
6328,Croatia,98062.29465,8763,2022-07,11.19
6371,Croatia,97738.8508,8784,2022-08,11.13
6414,Croatia,77103.86265,7038,2022-09,10.96
6457,Croatia,54883.5034,5292,2022-10,10.37
6500,Croatia,19682.6123,2583,2022-11,7.62
6543,Croatia,18464.0286,2404,2022-12,7.68
6586,Croatia,16213.8168,2332,2023-01,6.95
6629,Croatia,14688.43295,2166,2023-02,6.78
6672,Croatia,21116.9525,2849,2023-03,7.41
5037,Cyprus,53602.196,2396,2020-01,22.37
5080,Cyprus,48894.946,2238,2020-02,21.85
5123,Cyprus,38310.187,1628,2020-03,23.53
5166,Cyprus,10533.37,314,2020-04,33.55
5209,Cyprus,12745.25,379,2020-05,33.63
5252,Cyprus,16697.61,702,2020-06,23.79
5295,Cyprus,36787.005,1692,2020-07,21.74
5338,Cyprus,47652.798,2108,2020-08,22.61
5381,Cyprus,50121.309,1978,2020-09,25.34
5425,Cyprus,46176.037,1885,2020-10,24.5
5468,Cyprus,22302.695,1000,2020-11,22.3
5511,Cyprus,20501.707,943,2020-12,21.74
5554,Cyprus,16613.39995,734,2021-01,22.63
5597,Cyprus,15307.43295,717,2021-02,21.35
5640,Cyprus,17777.4004,915,2021-03,19.43
5683,Cyprus,23173.6228,1188,2021-04,19.51
5726,Cyprus,39524.8693,1818,2021-05,21.74
5769,Cyprus,54117.88125,2500,2021-06,21.65
5812,Cyprus,78007.07675,3529,2021-07,22.1
5855,Cyprus,91576.1996,3702,2021-08,24.74
5898,Cyprus,88812.8329,3545,2021-09,25.05
5941,Cyprus,98114.8676,3903,2021-10,25.14
5984,Cyprus,55861.99015,2511,2021-11,22.25
6027,Cyprus,44703.02025,2169,2021-12,20.61
6070,Cyprus,35841.88115,1745,2022-01,20.54
6113,Cyprus,34838.6631,1732,2022-02,20.11
6156,Cyprus,46783.5886,2274,2022-03,20.57
6199,Cyprus,70671.0389,3175,2022-04,22.26
6242,Cyprus,84182.3939,3653,2022-05,23.04
6285,Cyprus,87623.2219,3776,2022-06,23.21
6329,Cyprus,96171.0552,4079,2022-07,23.58
6372,Cyprus,99363.04305,4209,2022-08,23.61
6415,Cyprus,91845.6128,3907,2022-09,23.51
6458,Cyprus,91351.04755,3966,2022-10,23.03
6501,Cyprus,51934.0753,2525,2022-11,20.57
6544,Cyprus,45543.587,2330,2022-12,19.55
6587,Cyprus,42803.2304,2153,2023-01,19.88
6630,Cyprus,42244.7085,2119,2023-02,19.94
6673,Cyprus,55327.54945,2630,2023-03,21.04
5038,Czechia,87490.318,5926,2020-01,14.76
5081,Czechia,76450.245,5400,2020-02,14.16
5124,Czechia,50430.336,3476,2020-03,14.51
5167,Czechia,16169.572,1038,2020-04,15.58
5210,Czechia,12039.268,1120,2020-05,10.75
5253,Czechia,10483.737,1750,2020-06,5.99
5296,Czechia,28189.762,3344,2020-07,8.43
5339,Czechia,36128.334,3560,2020-08,10.15
5382,Czechia,33912.496,3410,2020-09,9.95
5426,Czechia,25083.705,2623,2020-10,9.56
5469,Czechia,17836.032,1959,2020-11,9.1
5512,Czechia,20160.752,2044,2020-12,9.86
5555,Czechia,17719.9089,1684,2021-01,10.52
5598,Czechia,17286.56815,1669,2021-02,10.36
5641,Czechia,21326.59235,2051,2021-03,10.4
5684,Czechia,26194.21995,2168,2021-04,12.08
5727,Czechia,29799.6538,2694,2021-05,11.06
5770,Czechia,44306.635,3890,2021-06,11.39
5813,Czechia,59913.6313,4851,2021-07,12.35
5856,Czechia,61805.6085,5043,2021-08,12.26
5899,Czechia,62242.8354,5232,2021-09,11.9
5942,Czechia,56090.41505,4730,2021-10,11.86
5985,Czechia,52780.2066,4211,2021-11,12.53
6028,Czechia,54394.52815,3992,2021-12,13.63
6071,Czechia,44020.73975,3254,2022-01,13.53
6114,Czechia,41196.86055,3376,2022-02,12.2
6157,Czechia,52816.8456,4275,2022-03,12.35
6200,Czechia,60788.1516,4719,2022-04,12.88
6243,Czechia,68388.36795,5403,2022-05,12.66
6286,Czechia,90301.43485,6509,2022-06,13.87
6330,Czechia,100805.57505,6944,2022-07,14.52
6373,Czechia,99806.3597,6907,2022-08,14.45
6416,Czechia,88125.8224,6694,2022-09,13.16
6459,Czechia,73320.6076,5604,2022-10,13.08
6502,Czechia,55412.92655,4317,2022-11,12.84
6545,Czechia,56872.4665,4261,2022-12,13.35
6588,Czechia,50146.89415,3854,2023-01,13.01
6631,Czechia,48783.6303,3811,2023-02,12.8
6674,Czechia,62629.08205,4819,2023-03,13.0
5039,Denmark,227337.59,14104,2020-01,16.12
5082,Denmark,213132.729,13551,2020-02,15.73
5125,Denmark,140560.898,8746,2020-03,16.07
5168,Denmark,17671.312,1671,2020-04,10.58
5211,Denmark,26386.7,2112,2020-05,12.49
5254,Denmark,33436.91,3379,2020-06,9.9
5297,Denmark,72243.641,6287,2020-07,11.49
5340,Denmark,81983.199,7291,2020-08,11.24
5383,Denmark,84722.966,7574,2020-09,11.19
5427,Denmark,81050.882,6739,2020-10,12.03
5470,Denmark,66152.155,4993,2020-11,13.25
5513,Denmark,64139.796,4558,2020-12,14.07
5556,Denmark,54200.89675,3395,2021-01,15.96
5599,Denmark,49549.0555,2658,2021-02,18.64
5642,Denmark,64147.04675,3666,2021-03,17.5
5685,Denmark,63757.95365,4015,2021-04,15.88
5728,Denmark,74267.84105,4696,2021-05,15.82
5771,Denmark,96873.0334,6579,2021-06,14.72
5814,Denmark,155521.13585,9815,2021-07,15.85
5857,Denmark,158510.31285,10722,2021-08,14.78
5900,Denmark,158420.71635,11452,2021-09,13.83
5943,Denmark,170545.15125,11930,2021-10,14.3
5986,Denmark,155037.30835,11176,2021-11,13.87
6029,Denmark,162200.6968,10413,2021-12,15.58
6072,Denmark,145972.6762,8809,2022-01,16.57
6115,Denmark,134224.2603,8714,2022-02,15.4
6158,Denmark,161188.0861,11210,2022-03,14.38
6201,Denmark,191490.56435,12800,2022-04,14.96
6244,Denmark,201619.47705,14671,2022-05,13.74
6287,Denmark,211823.69735,15106,2022-06,14.02
6331,Denmark,218548.84165,14529,2022-07,15.04
6374,Denmark,228782.78175,15180,2022-08,15.07
6417,Denmark,214205.38685,15039,2022-09,14.24
6460,Denmark,217986.67755,14829,2022-10,14.7
6503,Denmark,172948.45645,12485,2022-11,13.85
6546,Denmark,171430.5417,11092,2022-12,15.46
6589,Denmark,169737.8838,11292,2023-01,15.03
6632,Denmark,156779.2869,11031,2023-02,14.21
6675,Denmark,188555.73255,13356,2023-03,14.12
5040,Estonia,14654.966,1772,2020-01,8.27
5083,Estonia,14273.423,1712,2020-02,8.34
5126,Estonia,10160.925,1150,2020-03,8.84
5169,Estonia,1988.089,240,2020-04,8.28
5212,Estonia,2293.044,507,2020-05,4.52
5255,Estonia,3894.08,794,2020-06,4.9
5298,Estonia,7705.038,1067,2020-07,7.22
5341,Estonia,7164.817,1092,2020-08,6.56
5384,Estonia,6371.021,1061,2020-09,6.0
5428,Estonia,5001.917,922,2020-10,5.43
5471,Estonia,6092.475,853,2020-11,7.14
5514,Estonia,5106.975,845,2020-12,6.04
5557,Estonia,3872.3184,719,2021-01,5.39
5600,Estonia,3524.8267,648,2021-02,5.44
5643,Estonia,5446.86765,812,2021-03,6.71
5686,Estonia,6127.49375,854,2021-04,7.18
5729,Estonia,8602.8895,991,2021-05,8.68
5772,Estonia,9677.9195,1166,2021-06,8.3
5815,Estonia,12108.1954,1326,2021-07,9.13
5858,Estonia,12367.0784,1412,2021-08,8.76
5901,Estonia,15383.38455,1526,2021-09,10.08
5944,Estonia,20600.45085,1519,2021-10,13.56
5987,Estonia,24449.1866,1567,2021-11,15.6
6030,Estonia,25198.78015,1561,2021-12,16.14
6073,Estonia,19244.7449,1404,2022-01,13.71
6116,Estonia,12124.92655,1255,2022-02,9.66
6159,Estonia,14640.01495,1585,2022-03,9.24
6202,Estonia,16077.18175,1711,2022-04,9.4
6245,Estonia,19106.02235,2035,2022-05,9.39
6288,Estonia,17948.0308,1885,2022-06,9.52
6332,Estonia,16897.5099,1888,2022-07,8.95
6375,Estonia,16950.71245,1896,2022-08,8.94
6418,Estonia,18159.63385,1888,2022-09,9.62
6461,Estonia,18692.64435,1931,2022-10,9.68
6504,Estonia,13950.28355,1525,2022-11,9.15
6547,Estonia,13348.34025,1395,2022-12,9.57
6590,Estonia,13158.3361,1434,2023-01,9.18
6633,Estonia,12268.682,1341,2023-02,9.15
6676,Estonia,15313.3968,1639,2023-03,9.34
5041,Finland,229513.491,11161,2020-01,20.56
5084,Finland,203022.054,10777,2020-02,18.84
5127,Finland,138913.987,7532,2020-03,18.44
5170,Finland,25884.529,1353,2020-04,19.13
5213,Finland,37935.333,1573,2020-05,24.12
5256,Finland,36835.079,2275,2020-06,16.19
5299,Finland,44223.399,3063,2020-07,14.44
5342,Finland,54742.04,4027,2020-08,13.59
5385,Finland,46261.674,3465,2020-09,13.35
5429,Finland,48975.719,3306,2020-10,14.81
5472,Finland,53351.006,3182,2020-11,16.77
5515,Finland,53122.944,3076,2020-12,17.27
5558,Finland,46255.1163,2912,2021-01,15.88
5601,Finland,44910.91725,2911,2021-02,15.43
5644,Finland,54772.70245,3111,2021-03,17.61
5687,Finland,51851.1579,2802,2021-04,18.51
5730,Finland,48857.1746,3138,2021-05,15.57
5773,Finland,55218.5962,3947,2021-06,13.99
5816,Finland,67258.3833,4163,2021-07,16.16
5859,Finland,77378.7081,5182,2021-08,14.93
5902,Finland,92186.5481,5664,2021-09,16.28
5945,Finland,109218.8952,6132,2021-10,17.81
5988,Finland,119063.56635,6712,2021-11,17.74
6031,Finland,156743.09295,8021,2021-12,19.54
6074,Finland,139348.1354,6943,2022-01,20.07
6117,Finland,124760.3576,6329,2022-02,19.71
6160,Finland,130950.2462,7262,2022-03,18.03
6203,Finland,135826.9947,7264,2022-04,18.7
6246,Finland,144164.3761,8490,2022-05,16.98
6289,Finland,143876.00325,8050,2022-06,17.87
6333,Finland,151638.42095,7620,2022-07,19.9
6376,Finland,148779.58335,7854,2022-08,18.94
6419,Finland,148963.75665,7821,2022-09,19.05
6462,Finland,157163.1913,7837,2022-10,20.05
6505,Finland,149885.41435,7419,2022-11,20.2
6548,Finland,186369.42385,8716,2022-12,21.38
6591,Finland,175716.25755,8143,2023-01,21.58
6634,Finland,161024.1387,7583,2023-02,21.23
6677,Finland,176367.03095,8552,2023-03,20.62
5042,France,1671341.01,71659,2020-01,23.32
5085,France,1528325.019,68763,2020-02,22.23
5128,France,1073810.574,44699,2020-03,24.02
5171,France,236997.772,7462,2020-04,31.76
5214,France,346090.433,12272,2020-05,28.2
5257,France,443925.252,24660,2020-06,18.0
5300,France,747906.212,48342,2020-07,15.47
5343,France,899694.461,54131,2020-08,16.62
5386,France,811380.454,50306,2020-09,16.13
5430,France,818984.971,44980,2020-10,18.21
5473,France,629814.103,27999,2020-11,22.49
5516,France,784089.209,33728,2020-12,23.25
5559,France,757434.31275,33522,2021-01,22.6
5602,France,625913.0193,30460,2021-02,20.55
5645,France,682901.64245,34440,2021-03,19.83
5688,France,660645.29195,32885,2021-04,20.09
5731,France,725944.9318,40787,2021-05,17.8
5774,France,898659.6743,53627,2021-06,16.76
5817,France,1306158.2681,72005,2021-07,18.14
5860,France,1347154.0012,71272,2021-08,18.9
5903,France,1169885.17745,67715,2021-09,17.28
5946,France,1220839.09265,66386,2021-10,18.39
5989,France,1207195.6642,58203,2021-11,20.74
6032,France,1306203.31405,58483,2021-12,22.33
6075,France,1162922.07495,50976,2022-01,22.81
6118,France,1088758.2763,52663,2022-02,20.67
6161,France,1317729.84115,65057,2022-03,20.26
6204,France,1439375.7622,69927,2022-04,20.58
6247,France,1566275.4359,80160,2022-05,19.54
6290,France,1611063.49735,82467,2022-06,19.54
6334,France,1809414.79935,86960,2022-07,20.81
6377,France,1804225.65515,81213,2022-08,22.22
6420,France,1605729.76465,78754,2022-09,20.39
6463,France,1628915.1051,77367,2022-10,21.05
6506,France,1425185.52025,62565,2022-11,22.78
6549,France,1548338.46525,63784,2022-12,24.27
6592,France,1450181.4485,60283,2023-01,24.06
6635,France,1355197.81335,59668,2023-02,22.71
6678,France,1491400.76095,64334,2023-03,23.18
5043,Georgia,30250.36,1490,2020-01,20.3
5086,Georgia,27196.388,1316,2020-02,20.67
5129,Georgia,17540.507,812,2020-03,21.6
5172,Georgia,7734.52,175,2020-04,44.2
5215,Georgia,12899.04,239,2020-05,53.97
5258,Georgia,11939.917,275,2020-06,43.42
5301,Georgia,12555.508,316,2020-07,39.73
5344,Georgia,12116.23,363,2020-08,33.38
5387,Georgia,14142.961,404,2020-09,35.01
5431,Georgia,11518.801,342,2020-10,33.68
5474,Georgia,17927.753,389,2020-11,46.09
5517,Georgia,18986.654,397,2020-12,47.83
5560,Georgia,11761.7216,299,2021-01,39.34
5603,Georgia,11635.15185,368,2021-02,31.62
5646,Georgia,19596.34075,580,2021-03,33.79
5689,Georgia,23452.6257,746,2021-04,31.44
5732,Georgia,29230.44705,1064,2021-05,27.47
5775,Georgia,34631.9756,1420,2021-06,24.39
5818,Georgia,42955.5143,2006,2021-07,21.41
5861,Georgia,46243.05025,2027,2021-08,22.81
5904,Georgia,38171.4988,1663,2021-09,22.95
5947,Georgia,40800.7999,1558,2021-10,26.19
5990,Georgia,36401.39055,1284,2021-11,28.35
6033,Georgia,39393.34525,1394,2021-12,28.26
6076,Georgia,36190.09035,1276,2022-01,28.36
6119,Georgia,28534.39195,1112,2022-02,25.66
6162,Georgia,39138.8508,1447,2022-03,27.05
6205,Georgia,36787.29705,1381,2022-04,26.64
6248,Georgia,41583.89025,1664,2022-05,24.99
6291,Georgia,38456.87265,1725,2022-06,22.29
6335,Georgia,48437.7881,2256,2022-07,21.47
6378,Georgia,51748.81425,2386,2022-08,21.69
6421,Georgia,45449.19855,2083,2022-09,21.82
6464,Georgia,43461.53595,1787,2022-10,24.32
6507,Georgia,40535.99455,1582,2022-11,25.62
6550,Georgia,40950.45405,1733,2022-12,23.63
6593,Georgia,35153.89605,1589,2023-01,22.12
6636,Georgia,30038.7409,1402,2023-02,21.43
6679,Georgia,36653.14835,1691,2023-03,21.68
5044,Germany,2304072.733,85527,2020-01,26.94
5087,Germany,2124498.229,82778,2020-02,25.67
5130,Germany,1603264.494,56276,2020-03,28.49
5173,Germany,671846.345,15219,2020-04,44.15
5216,Germany,753883.138,20863,2020-05,36.13
5259,Germany,759489.685,29648,2020-06,25.62
5302,Germany,1044906.52,48034,2020-07,21.75
5345,Germany,1166238.76,51785,2020-08,22.52
5388,Germany,1118639.684,52277,2020-09,21.4
5432,Germany,1133479.673,48261,2020-10,23.49
5475,Germany,1014304.012,32715,2020-11,31.0
5518,Germany,1045537.608,30490,2020-12,34.29
5561,Germany,981455.05235,26555,2021-01,36.96
5604,Germany,868484.09875,25871,2021-02,33.57
5647,Germany,1032631.5658,33089,2021-03,31.21
5690,Germany,1099623.44885,36012,2021-04,30.53
5733,Germany,1203683.7251,39845,2021-05,30.21
5776,Germany,1307996.42095,49897,2021-06,26.21
5819,Germany,1634121.4585,66602,2021-07,24.54
5862,Germany,1736626.5082,69694,2021-08,24.92
5905,Germany,1725799.2659,72672,2021-09,23.75
5948,Germany,1835025.1124,76200,2021-10,24.08
5991,Germany,1697778.07925,64719,2021-11,26.23
6034,Germany,1752942.81075,60015,2021-12,29.21
6077,Germany,1572648.66585,51607,2022-01,30.47
6120,Germany,1431194.03795,50702,2022-02,28.23
6163,Germany,1778354.1771,66714,2022-03,26.66
6206,Germany,2010602.76785,77213,2022-04,26.04
6249,Germany,2173815.87875,87544,2022-05,24.83
6292,Germany,2231954.9923,87574,2022-06,25.49
6336,Germany,2317421.821,86106,2022-07,26.91
6379,Germany,2355466.63265,87743,2022-08,26.85
6422,Germany,2255848.6877,86782,2022-09,25.99
6465,Germany,2306294.5598,86443,2022-10,26.68
6508,Germany,1938127.1854,70913,2022-11,27.33
6551,Germany,1916872.18665,62720,2022-12,30.56
6594,Germany,1859984.3755,61225,2023-01,30.38
6637,Germany,1712818.70925,60503,2023-02,28.31
6680,Germany,2001230.06265,71582,2023-03,27.96
5045,Greece,140902.495,12079,2020-01,11.67
5088,Greece,127227.41,11220,2020-02,11.34
5131,Greece,92932.289,8852,2020-03,10.5
5174,Greece,20812.928,2928,2020-04,7.11
5217,Greece,25525.137,3686,2020-05,6.92
5260,Greece,42507.478,7108,2020-06,5.98
5303,Greece,222363.875,18635,2020-07,11.93
5346,Greece,343637.813,24958,2020-08,13.77
5389,Greece,264198.495,18867,2020-09,14.0
5433,Greece,192694.709,13827,2020-10,13.94
5476,Greece,55257.597,5945,2020-11,9.29
5519,Greece,49227.652,5668,2020-12,8.69
5562,Greece,46167.9062,5760,2021-01,8.02
5605,Greece,37451.2498,5145,2021-02,7.28
5648,Greece,47502.7457,6150,2021-03,7.72
5691,Greece,56961.43475,7253,2021-04,7.85
5734,Greece,106491.17185,11105,2021-05,9.59
5777,Greece,284140.3035,21773,2021-06,13.05
5820,Greece,527528.116,35136,2021-07,15.01
5863,Greece,621012.4686,38475,2021-08,16.14
5906,Greece,511752.63915,31111,2021-09,16.45
5949,Greece,410560.93555,24490,2021-10,16.76
5992,Greece,140441.27805,12696,2021-11,11.06
6035,Greece,126131.8845,11991,2021-12,10.52
6078,Greece,101265.0367,9864,2022-01,10.27
6121,Greece,91190.4751,9415,2022-02,9.69
6164,Greece,123529.93405,11617,2022-03,10.63
6207,Greece,247238.16065,17950,2022-04,13.77
6250,Greece,440767.64285,26864,2022-05,16.41
6293,Greece,594420.91975,35804,2022-06,16.6
6337,Greece,720030.8392,43297,2022-07,16.63
6380,Greece,719445.0884,43057,2022-08,16.71
6423,Greece,601396.5999,35801,2022-09,16.8
6466,Greece,437890.0671,26554,2022-10,16.49
6509,Greece,140384.3131,12961,2022-11,10.83
6552,Greece,130525.578,12599,2022-12,10.36
6595,Greece,120875.34875,11994,2023-01,10.08
6638,Greece,108182.10355,11001,2023-02,9.83
6681,Greece,139955.55285,13399,2023-03,10.45
5046,Hungary,85346.075,5079,2020-01,16.8
5089,Hungary,75328.535,4835,2020-02,15.58
5132,Hungary,51149.223,3307,2020-03,15.47
5175,Hungary,13141.887,736,2020-04,17.86
5218,Hungary,15938.994,851,2020-05,18.73
5261,Hungary,19585.248,1421,2020-06,13.78
5304,Hungary,33859.477,2716,2020-07,12.47
5347,Hungary,38761.451,2946,2020-08,13.16
5390,Hungary,23898.877,1776,2020-09,13.46
5434,Hungary,20807.387,1473,2020-10,14.13
5477,Hungary,18296.909,1182,2020-11,15.48
5520,Hungary,18319.011,1246,2020-12,14.7
5563,Hungary,17433.4137,1134,2021-01,15.37
5606,Hungary,14881.1427,1063,2021-02,14.0
5649,Hungary,19789.2103,1284,2021-03,15.41
5692,Hungary,20723.27705,1300,2021-04,15.94
5735,Hungary,26661.71225,1641,2021-05,16.25
5778,Hungary,38739.56765,2596,2021-06,14.92
5821,Hungary,50186.18965,3594,2021-07,13.96
5864,Hungary,56385.376,3833,2021-08,14.71
5907,Hungary,54193.89675,3859,2021-09,14.04
5950,Hungary,56961.25095,3913,2021-10,14.56
5993,Hungary,58931.5237,3787,2021-11,15.56
6036,Hungary,64988.70565,3913,2021-12,16.61
6079,Hungary,57615.88635,3316,2022-01,17.38
6122,Hungary,53042.43595,3208,2022-02,16.53
6165,Hungary,67861.36535,4004,2022-03,16.95
6208,Hungary,72076.4694,4472,2022-04,16.12
6251,Hungary,78625.8787,4925,2022-05,15.96
6294,Hungary,81048.8659,5284,2022-06,15.34
6338,Hungary,84709.96505,5452,2022-07,15.54
6381,Hungary,86754.57115,5295,2022-08,16.38
6424,Hungary,78799.2597,5241,2022-09,15.04
6467,Hungary,77283.0481,4918,2022-10,15.71
6510,Hungary,71638.8317,4263,2022-11,16.8
6553,Hungary,72447.5424,4312,2022-12,16.8
6596,Hungary,67708.34745,3981,2023-01,17.01
6639,Hungary,60802.5225,3708,2023-02,16.4
6682,Hungary,72446.8478,4478,2023-03,16.18
5047,Iceland,20962.894,1212,2020-01,17.3
5090,Iceland,23270.081,1278,2020-02,18.21
5133,Iceland,17215.747,1124,2020-03,15.32
5176,Iceland,3655.923,548,2020-04,6.67
5219,Iceland,6471.188,850,2020-05,7.61
5262,Iceland,7957.849,1100,2020-06,7.23
5305,Iceland,9185.959,1250,2020-07,7.35
5348,Iceland,6465.652,1085,2020-08,5.96
5391,Iceland,6590.549,1016,2020-09,6.49
5435,Iceland,9985.588,1073,2020-10,9.31
5478,Iceland,8903.465,817,2020-11,10.9
5521,Iceland,8000.225,927,2020-12,8.63
5564,Iceland,8301.7377,920,2021-01,9.02
5607,Iceland,7315.37925,985,2021-02,7.43
5650,Iceland,9183.43725,1115,2021-03,8.24
5693,Iceland,8598.04755,1053,2021-04,8.17
5736,Iceland,14590.28065,1359,2021-05,10.74
5779,Iceland,25148.6946,1730,2021-06,14.54
5822,Iceland,38101.0327,2196,2021-07,17.35
5865,Iceland,38865.91455,1961,2021-08,19.82
5908,Iceland,37547.37985,1870,2021-09,20.08
5951,Iceland,29347.1744,1709,2021-10,17.17
5994,Iceland,23182.6278,1593,2021-11,14.55
6037,Iceland,23081.13045,1580,2021-12,14.61
6080,Iceland,15563.27845,1108,2022-01,14.05
6123,Iceland,17377.53265,1310,2022-02,13.27
6166,Iceland,20531.8201,1608,2022-03,12.77
6209,Iceland,23769.6225,1655,2022-04,14.36
6252,Iceland,39082.4977,2101,2022-05,18.6
6295,Iceland,48555.61255,2180,2022-06,22.27
6339,Iceland,54838.3298,2578,2022-07,21.27
6382,Iceland,54410.43895,2603,2022-08,20.9
6425,Iceland,44792.2292,2094,2022-09,21.39
6468,Iceland,40640.4744,2156,2022-10,18.85
6511,Iceland,30572.2002,1812,2022-11,16.87
6554,Iceland,28369.683,1682,2022-12,16.87
6597,Iceland,22129.6819,1427,2023-01,15.51
6640,Iceland,17893.3269,1174,2023-02,15.24
6683,Iceland,26358.96545,1711,2023-03,15.41
5048,Ireland,207331.811,10185,2020-01,20.36
5091,Ireland,193503.079,9781,2020-02,19.78
5134,Ireland,167860.336,8092,2020-03,20.74
5177,Ireland,40032.245,1322,2020-04,30.28
5220,Ireland,59902.454,1472,2020-05,40.69
5263,Ireland,58256.391,1759,2020-06,33.12
5306,Ireland,92354.568,4340,2020-07,21.28
5349,Ireland,107746.418,5298,2020-08,20.34
5392,Ireland,95634.41,4431,2020-09,21.58
5436,Ireland,83686.274,3562,2020-10,23.49
5479,Ireland,59747.9,2384,2020-11,25.06
5522,Ireland,63751.107,2550,2020-12,25.0
5565,Ireland,61861.2187,2462,2021-01,25.13
5608,Ireland,48573.34025,1715,2021-02,28.32
5651,Ireland,57586.72115,1999,2021-03,28.81
5694,Ireland,58546.32595,2049,2021-04,28.57
5737,Ireland,63710.60985,2258,2021-05,28.22
5780,Ireland,81890.7002,3375,2021-06,24.26
5823,Ireland,120340.35395,5213,2021-07,23.08
5866,Ireland,152234.46845,6858,2021-08,22.2
5909,Ireland,152725.5478,7330,2021-09,20.84
5952,Ireland,157881.41925,7563,2021-10,20.88
5995,Ireland,136579.6809,7423,2021-11,18.4
6038,Ireland,161477.9361,8271,2021-12,19.52
6081,Ireland,140955.5291,6746,2022-01,20.89
6124,Ireland,136012.7844,7083,2022-02,19.2
6167,Ireland,192638.1495,9582,2022-03,20.1
6210,Ireland,233048.67315,11511,2022-04,20.25
6253,Ireland,268555.46795,12650,2022-05,21.23
6296,Ireland,270951.2186,12721,2022-06,21.3
6340,Ireland,297250.08035,13030,2022-07,22.81
6383,Ireland,292038.76685,12847,2022-08,22.73
6426,Ireland,281449.4677,12483,2022-09,22.55
6469,Ireland,268610.08315,12308,2022-10,21.82
6512,Ireland,211971.53245,10504,2022-11,20.18
6555,Ireland,212875.3471,10309,2022-12,20.65
6598,Ireland,204418.8867,10300,2023-01,19.85
6641,Ireland,180940.52945,9272,2023-02,19.51
6684,Ireland,233629.6427,11349,2023-03,20.59
5049,Italy,1007158.391,56924,2020-01,17.69
5092,Italy,898612.398,53974,2020-02,16.65
5135,Italy,382373.225,21782,2020-03,17.55
5178,Italy,112198.256,7226,2020-04,15.53
5221,Italy,142651.63,8833,2020-05,16.15
5264,Italy,200924.314,15588,2020-06,12.89
5307,Italy,444780.645,37618,2020-07,11.82
5350,Italy,565994.558,47952,2020-08,11.8
5393,Italy,480895.54,40378,2020-09,11.91
5437,Italy,437887.242,34308,2020-10,12.76
5480,Italy,327427.259,21683,2020-11,15.1
5523,Italy,316471.353,21236,2020-12,14.9
5566,Italy,277629.0698,18185,2021-01,15.27
5609,Italy,251985.1816,15703,2021-02,16.05
5652,Italy,295790.3349,19548,2021-03,15.13
5695,Italy,339775.43795,22586,2021-04,15.04
5738,Italy,378946.3299,27086,2021-05,13.99
5781,Italy,558937.5341,43684,2021-06,12.8
5824,Italy,807773.16625,62677,2021-07,12.89
5867,Italy,896059.07235,69028,2021-08,12.98
5910,Italy,821724.6207,60928,2021-09,13.49
5953,Italy,770106.25545,55003,2021-10,14.0
5996,Italy,681058.33675,48152,2021-11,14.14
6039,Italy,731763.2914,49401,2021-12,14.81
6082,Italy,622622.3978,41617,2022-01,14.96
6125,Italy,565797.146,40230,2022-02,14.06
6168,Italy,736044.49515,51040,2022-03,14.42
6211,Italy,914825.19305,62795,2022-04,14.57
6254,Italy,1043925.8855,70889,2022-05,14.73
6297,Italy,1135450.1511,75957,2022-06,14.95
6341,Italy,1237917.4978,82993,2022-07,14.92
6384,Italy,1231341.99855,80663,2022-08,15.27
6427,Italy,1182123.0476,77079,2022-09,15.34
6470,Italy,1097312.0412,69619,2022-10,15.76
6513,Italy,809661.5282,52158,2022-11,15.52
6556,Italy,854267.80525,53719,2022-12,15.9
6599,Italy,817095.51385,51639,2023-01,15.82
6642,Italy,752088.71035,48555,2023-02,15.49
6685,Italy,908277.0499,57045,2023-03,15.92
5050,Kosovo,9995.784,722,2020-01,13.84
5093,Kosovo,8593.078,619,2020-02,13.88
5136,Kosovo,5209.483,364,2020-03,14.31
5179,Kosovo,1080.271,118,2020-04,9.15
5222,Kosovo,1325.102,114,2020-05,11.62
5265,Kosovo,1445.775,125,2020-06,11.57
5308,Kosovo,7094.47,506,2020-07,14.02
5351,Kosovo,7706.156,548,2020-08,14.06
5394,Kosovo,5325.511,404,2020-09,13.18
5438,Kosovo,8929.527,612,2020-10,14.59
5481,Kosovo,6115.401,453,2020-11,13.5
5524,Kosovo,8423.771,610,2020-12,13.81
5567,Kosovo,8809.1262,633,2021-01,13.92
5610,Kosovo,5895.25965,445,2021-02,13.25
5653,Kosovo,6762.9681,482,2021-03,14.03
5696,Kosovo,5934.0078,433,2021-04,13.7
5739,Kosovo,8179.3404,577,2021-05,14.18
5782,Kosovo,11016.6651,737,2021-06,14.95
5825,Kosovo,22306.032,1441,2021-07,15.48
5868,Kosovo,24502.12695,1597,2021-08,15.34
5911,Kosovo,12961.4121,916,2021-09,14.15
5954,Kosovo,11927.75535,827,2021-10,14.42
5997,Kosovo,8817.5367,625,2021-11,14.11
6040,Kosovo,12761.4123,894,2021-12,14.27
6083,Kosovo,12140.63235,843,2022-01,14.4
6126,Kosovo,8543.4867,595,2022-02,14.36
6169,Kosovo,10504.4877,730,2022-03,14.39
6212,Kosovo,14896.23345,1026,2022-04,14.52
6255,Kosovo,13636.60515,947,2022-05,14.4
6298,Kosovo,14785.7976,1023,2022-06,14.45
6342,Kosovo,20577.4632,1381,2022-07,14.9
6385,Kosovo,20076.3864,1350,2022-08,14.87
6428,Kosovo,13826.4878,979,2022-09,14.12
6471,Kosovo,12568.36455,867,2022-10,14.5
6514,Kosovo,10396.30095,707,2022-11,14.7
6557,Kosovo,12982.3218,902,2022-12,14.39
6600,Kosovo,12858.98985,881,2023-01,14.6
6643,Kosovo,9467.41635,659,2023-02,14.37
6686,Kosovo,11143.60065,795,2023-03,14.02
5051,Latvia,35963.402,3290,2020-01,10.93
5094,Latvia,31831.247,3025,2020-02,10.52
5137,Latvia,20916.806,1900,2020-03,11.01
5180,Latvia,2069.824,178,2020-04,11.63
5223,Latvia,3136.297,331,2020-05,9.48
5266,Latvia,7637.095,759,2020-06,10.06
5309,Latvia,19210.564,1651,2020-07,11.64
5352,Latvia,18877.171,1826,2020-08,10.34
5395,Latvia,18650.333,1706,2020-09,10.93
5439,Latvia,14669.58,1324,2020-10,11.08
5482,Latvia,10057.071,995,2020-11,10.11
5525,Latvia,11638.822,1078,2020-12,10.8
5568,Latvia,9488.6757,837,2021-01,11.34
5611,Latvia,4966.5401,560,2021-02,8.87
5654,Latvia,7229.34595,761,2021-03,9.5
5697,Latvia,9698.55355,902,2021-04,10.75
5740,Latvia,12629.75855,1158,2021-05,10.91
5783,Latvia,18712.55975,1536,2021-06,12.18
5826,Latvia,26708.1239,2166,2021-07,12.33
5869,Latvia,30224.8264,2424,2021-08,12.47
5912,Latvia,30422.8367,2360,2021-09,12.89
5955,Latvia,33374.0744,2429,2021-10,13.74
5998,Latvia,31831.5942,2241,2021-11,14.2
6041,Latvia,32191.27165,2332,2021-12,13.8
6084,Latvia,25355.0745,1938,2022-01,13.08
6127,Latvia,22284.2542,1679,2022-02,13.27
6170,Latvia,24732.89745,1982,2022-03,12.48
6213,Latvia,29205.1718,2351,2022-04,12.42
6256,Latvia,32550.5194,2649,2022-05,12.29
6299,Latvia,32593.804,2639,2022-06,12.35
6343,Latvia,32374.7976,2647,2022-07,12.23
6386,Latvia,32490.91255,2632,2022-08,12.34
6429,Latvia,32626.4449,2610,2022-09,12.5
6472,Latvia,33066.1722,2603,2022-10,12.7
6515,Latvia,27299.60585,2215,2022-11,12.32
6558,Latvia,28764.84975,2306,2022-12,12.47
6601,Latvia,27596.58265,2176,2023-01,12.68
6644,Latvia,24197.74105,1910,2023-02,12.67
6687,Latvia,29256.16285,2321,2023-03,12.6
5396,Liechtenstein,0.463,1,2020-09,0.46
6300,Liechtenstein,0.5733,1,2022-06,0.57
5052,Lithuania,29319.047,2466,2020-01,11.89
5095,Lithuania,28202.808,2400,2020-02,11.75
5138,Lithuania,19147.038,1654,2020-03,11.58
5181,Lithuania,7784.45,502,2020-04,15.51
5224,Lithuania,6204.146,549,2020-05,11.3
5267,Lithuania,7842.931,908,2020-06,8.64
5310,Lithuania,17297.043,1549,2020-07,11.17
5353,Lithuania,20690.324,1795,2020-08,11.53
5397,Lithuania,17205.774,1552,2020-09,11.09
5440,Lithuania,12676.209,1196,2020-10,10.6
5483,Lithuania,8163.889,872,2020-11,9.36
5526,Lithuania,8471.146,852,2020-12,9.94
5569,Lithuania,7663.2301,778,2021-01,9.85
5612,Lithuania,6349.49475,726,2021-02,8.75
5655,Lithuania,8351.91955,903,2021-03,9.25
5698,Lithuania,10196.2414,1021,2021-04,9.99
5741,Lithuania,12264.14225,1148,2021-05,10.68
5784,Lithuania,19345.10715,1508,2021-06,12.83
5827,Lithuania,26272.00965,1976,2021-07,13.3
5870,Lithuania,27472.9134,2011,2021-08,13.66
5913,Lithuania,27033.73125,1960,2021-09,13.79
5956,Lithuania,29593.2896,2058,2021-10,14.38
5999,Lithuania,27160.3718,1941,2021-11,13.99
6042,Lithuania,26567.5793,1972,2021-12,13.47
6085,Lithuania,22201.1026,1690,2022-01,13.14
6128,Lithuania,20650.30665,1681,2022-02,12.28
6171,Lithuania,27000.01445,2083,2022-03,12.96
6214,Lithuania,32403.85355,2468,2022-04,13.13
6257,Lithuania,36559.99745,2728,2022-05,13.4
6301,Lithuania,35762.5562,2687,2022-06,13.31
6344,Lithuania,34634.90135,2633,2022-07,13.15
6387,Lithuania,34373.98285,2696,2022-08,12.75
6430,Lithuania,34099.52405,2601,2022-09,13.11
6473,Lithuania,35210.61785,2548,2022-10,13.82
6516,Lithuania,26280.88135,2017,2022-11,13.03
6559,Lithuania,25217.98965,1919,2022-12,13.14
6602,Lithuania,25875.06135,1952,2023-01,13.26
6645,Lithuania,24004.35465,1860,2023-02,12.91
6688,Lithuania,27920.30835,2159,2023-03,12.93
5053,Luxembourg,127532.766,2875,2020-01,44.36
5096,Luxembourg,122864.45,2746,2020-02,44.74
5139,Luxembourg,132038.637,1934,2020-03,68.27
5182,Luxembourg,104748.426,557,2020-04,188.06
5225,Luxembourg,118697.697,693,2020-05,171.28
5268,Luxembourg,111321.895,1087,2020-06,102.41
5311,Luxembourg,123339.681,1861,2020-07,66.28
5354,Luxembourg,126847.9,1867,2020-08,67.94
5398,Luxembourg,131788.655,1812,2020-09,72.73
5441,Luxembourg,147863.08,1772,2020-10,83.44
5484,Luxembourg,148623.033,1442,2020-11,103.07
5527,Luxembourg,150866.035,1480,2020-12,101.94
5570,Luxembourg,138462.12145,1307,2021-01,105.94
5613,Luxembourg,129428.1268,1093,2021-02,118.42
5656,Luxembourg,149338.5617,1266,2021-03,117.96
5699,Luxembourg,145353.39375,1447,2021-04,100.45
5742,Luxembourg,152270.67575,1673,2021-05,91.02
5785,Luxembourg,139513.55185,1952,2021-06,71.47
5828,Luxembourg,151010.94185,2369,2021-07,63.74
5871,Luxembourg,153574.9263,2435,2021-08,63.07
5914,Luxembourg,155977.75385,2599,2021-09,60.01
5957,Luxembourg,168954.8487,2687,2021-10,62.88
6000,Luxembourg,163845.74755,2450,2021-11,66.88
6043,Luxembourg,168814.6049,2530,2021-12,66.73
6086,Luxembourg,163220.8579,1960,2022-01,83.28
6129,Luxembourg,136354.37625,2069,2022-02,65.9
6172,Luxembourg,168237.37895,2599,2022-03,64.73
6215,Luxembourg,155406.37245,2974,2022-04,52.26
6258,Luxembourg,161966.70735,3368,2022-05,48.09
6302,Luxembourg,159544.21265,3407,2022-06,46.83
6345,Luxembourg,167056.40825,3340,2022-07,50.02
6388,Luxembourg,159185.23285,3168,2022-08,50.25
6431,Luxembourg,155076.43245,3298,2022-09,47.02
6474,Luxembourg,163210.36215,3201,2022-10,50.99
6517,Luxembourg,157707.8871,2741,2022-11,57.54
6560,Luxembourg,153342.9726,2725,2022-12,56.27
6603,Luxembourg,126943.31855,2421,2023-01,52.43
6646,Luxembourg,133245.24675,2430,2023-02,54.83
6689,Luxembourg,151242.22365,2869,2023-03,52.72
5054,Malta,33819.194,2063,2020-01,16.39
5097,Malta,31851.55,1983,2020-02,16.06
5140,Malta,20439.329,1160,2020-03,17.62
5183,Malta,3960.951,256,2020-04,15.47
5226,Malta,4429.17,293,2020-05,15.12
5269,Malta,5167.36,298,2020-06,17.34
5312,Malta,16417.11,1211,2020-07,13.56
5355,Malta,25703.553,1782,2020-08,14.42
5399,Malta,20986.667,1392,2020-09,15.08
5442,Malta,16829.995,1190,2020-10,14.14
5485,Malta,10596.524,818,2020-11,12.95
5528,Malta,8949.122,771,2020-12,11.61
5571,Malta,7450.6672,696,2021-01,10.7
5614,Malta,6134.48315,644,2021-02,9.53
5657,Malta,7282.22205,653,2021-03,11.15
5700,Malta,8237.0599,724,2021-04,11.38
5743,Malta,10256.66245,1001,2021-05,10.25
5786,Malta,20970.39025,1568,2021-06,13.37
5829,Malta,34505.14525,2234,2021-07,15.45
5872,Malta,37467.82315,2421,2021-08,15.48
5915,Malta,34455.3361,2178,2021-09,15.82
5958,Malta,34347.0041,2117,2021-10,16.22
6001,Malta,26065.0736,1750,2021-11,14.89
6044,Malta,26489.2489,1702,2021-12,15.56
6087,Malta,17349.65235,1176,2022-01,14.75
6130,Malta,17136.96535,1208,2022-02,14.19
6173,Malta,25687.89425,1730,2022-03,14.85
6216,Malta,34941.2588,2314,2022-04,15.1
6259,Malta,35857.61665,2398,2022-05,14.95
6303,Malta,37184.92655,2524,2022-06,14.73
6346,Malta,41918.52645,2772,2022-07,15.12
6389,Malta,41231.4442,2634,2022-08,15.65
6432,Malta,38731.74525,2536,2022-09,15.27
6475,Malta,37057.656,2464,2022-10,15.04
6518,Malta,27987.8927,1923,2022-11,14.55
6561,Malta,27945.42605,1904,2022-12,14.68
6604,Malta,27632.122,1737,2023-01,15.91
6647,Malta,25269.5546,1728,2023-02,14.62
6690,Malta,31875.3306,2159,2023-03,14.76
5055,"Moldova, Republic Of",12769.194,937,2020-01,13.63
5098,"Moldova, Republic Of",10919.029,826,2020-02,13.22
5141,"Moldova, Republic Of",5961.611,465,2020-03,12.82
5184,"Moldova, Republic Of",1202.745,94,2020-04,12.8
5227,"Moldova, Republic Of",1123.846,97,2020-05,11.59
5270,"Moldova, Republic Of",3396.986,231,2020-06,14.71
5313,"Moldova, Republic Of",6730.785,544,2020-07,12.37
5356,"Moldova, Republic Of",7015.332,508,2020-08,13.81
5400,"Moldova, Republic Of",6822.591,493,2020-09,13.84
5443,"Moldova, Republic Of",5939.355,444,2020-10,13.38
5486,"Moldova, Republic Of",3448.41,389,2020-11,8.86
5529,"Moldova, Republic Of",5398.986,366,2020-12,14.75
5572,"Moldova, Republic Of",4923.09975,325,2021-01,15.15
5615,"Moldova, Republic Of",3733.60865,265,2021-02,14.09
5658,"Moldova, Republic Of",4679.0034,336,2021-03,13.93
5701,"Moldova, Republic Of",5583.38435,389,2021-04,14.35
5744,"Moldova, Republic Of",8226.00115,582,2021-05,14.13
5787,"Moldova, Republic Of",13209.07,904,2021-06,14.61
5830,"Moldova, Republic Of",18151.0479,1157,2021-07,15.69
5873,"Moldova, Republic Of",19471.5157,1195,2021-08,16.29
5916,"Moldova, Republic Of",16413.6828,1037,2021-09,15.83
5959,"Moldova, Republic Of",14709.9996,1060,2021-10,13.88
6002,"Moldova, Republic Of",11480.34585,725,2021-11,15.83
6045,"Moldova, Republic Of",13223.21705,806,2021-12,16.41
6088,"Moldova, Republic Of",11920.1409,741,2022-01,16.09
6131,"Moldova, Republic Of",6886.00425,482,2022-02,14.29
6174,"Moldova, Republic Of",1955.70545,152,2022-03,12.87
6217,"Moldova, Republic Of",6557.7491,446,2022-04,14.7
6260,"Moldova, Republic Of",9058.73325,620,2022-05,14.61
6304,"Moldova, Republic Of",13380.07995,975,2022-06,13.72
6347,"Moldova, Republic Of",15746.8724,1028,2022-07,15.32
6390,"Moldova, Republic Of",17330.6917,1127,2022-08,15.38
6433,"Moldova, Republic Of",19468.0876,1251,2022-09,15.56
6476,"Moldova, Republic Of",18013.08865,1213,2022-10,14.85
6519,"Moldova, Republic Of",16574.9056,1116,2022-11,14.85
6562,"Moldova, Republic Of",15812.85885,965,2022-12,16.39
6605,"Moldova, Republic Of",15570.6476,941,2023-01,16.55
6648,"Moldova, Republic Of",12560.37435,797,2023-02,15.76
6691,"Moldova, Republic Of",11450.74435,794,2023-03,14.42
5056,Monaco,16.663,26,2020-01,0.64
5099,Monaco,17.983,28,2020-02,0.64
5142,Monaco,9.023,12,2020-03,0.75
5185,Monaco,0.432,1,2020-04,0.43
5228,Monaco,15.026,22,2020-05,0.68
5271,Monaco,35.618,55,2020-06,0.65
5314,Monaco,46.391,74,2020-07,0.63
5357,Monaco,53.1,71,2020-08,0.75
5401,Monaco,43.985,67,2020-09,0.66
5444,Monaco,34.741,53,2020-10,0.66
5487,Monaco,28.453,37,2020-11,0.77
5530,Monaco,21.636,28,2020-12,0.77
5573,Monaco,26.15445,37,2021-01,0.71
5616,Monaco,26.28045,39,2021-02,0.67
5659,Monaco,24.04395,37,2021-03,0.65
5702,Monaco,32.8419,47,2021-04,0.7
5745,Monaco,47.2437,69,2021-05,0.68
5788,Monaco,61.3557,93,2021-06,0.66
5831,Monaco,83.6441,136,2021-07,0.62
5874,Monaco,58.05765,84,2021-08,0.69
5917,Monaco,42.25095,65,2021-09,0.65
5960,Monaco,22.68945,35,2021-10,0.65
6003,Monaco,15.2271,25,2021-11,0.61
6046,Monaco,20.10095,34,2021-12,0.59
6089,Monaco,18.00855,27,2022-01,0.67
6132,Monaco,18.53775,30,2022-02,0.62
6175,Monaco,20.90025,31,2022-03,0.67
6218,Monaco,31.1724,49,2022-04,0.64
6261,Monaco,57.8781,92,2022-05,0.63
6305,Monaco,42.8211,67,2022-06,0.64
6348,Monaco,48.4407,77,2022-07,0.63
6391,Monaco,50.80005,79,2022-08,0.64
6434,Monaco,36.55575,61,2022-09,0.6
6477,Monaco,30.52665,46,2022-10,0.66
6520,Monaco,19.1835,32,2022-11,0.6
6563,Monaco,5.84955,10,2022-12,0.58
6606,Monaco,10.77615,18,2023-01,0.6
6649,Monaco,13.293,20,2023-02,0.66
6692,Monaco,18.9882,30,2023-03,0.63
5057,Montenegro,5811.083,616,2020-01,9.43
5100,Montenegro,5114.311,585,2020-02,8.74
5143,Montenegro,3200.497,326,2020-03,9.82
5186,Montenegro,367.549,36,2020-04,10.21
5229,Montenegro,361.09,42,2020-05,8.6
5272,Montenegro,1063.856,219,2020-06,4.86
5315,Montenegro,5045.801,668,2020-07,7.55
5358,Montenegro,6931.113,851,2020-08,8.14
5402,Montenegro,5877.362,740,2020-09,7.94
5445,Montenegro,3245.755,466,2020-10,6.97
5488,Montenegro,1730.435,301,2020-11,5.75
5531,Montenegro,1733.992,273,2020-12,6.35
5574,Montenegro,1167.7876,195,2021-01,5.99
5617,Montenegro,1075.21525,201,2021-02,5.35
5660,Montenegro,1447.11945,266,2021-03,5.44
5703,Montenegro,1789.9565,305,2021-04,5.87
5746,Montenegro,3384.04895,536,2021-05,6.31
5789,Montenegro,8491.09685,938,2021-06,9.05
5832,Montenegro,15436.1797,1644,2021-07,9.39
5875,Montenegro,17125.3904,1763,2021-08,9.71
5918,Montenegro,12333.1181,1218,2021-09,10.13
5961,Montenegro,5835.6647,713,2021-10,8.18
6004,Montenegro,3668.3795,519,2021-11,7.07
6047,Montenegro,3461.4909,507,2021-12,6.83
6090,Montenegro,2850.70765,424,2022-01,6.72
6133,Montenegro,2738.7124,412,2022-02,6.65
6176,Montenegro,3694.05855,523,2022-03,7.06
6219,Montenegro,6055.7106,718,2022-04,8.43
6262,Montenegro,8311.3013,929,2022-05,8.95
6306,Montenegro,12228.42695,1228,2022-06,9.96
6349,Montenegro,15799.85205,1606,2022-07,9.84
6392,Montenegro,15734.16435,1574,2022-08,10.0
6435,Montenegro,11715.2452,1190,2022-09,9.84
6478,Montenegro,7720.4269,823,2022-10,9.38
6521,Montenegro,4102.00885,574,2022-11,7.15
6564,Montenegro,4094.99985,578,2022-12,7.08
6607,Montenegro,4180.2642,568,2023-01,7.36
6650,Montenegro,3741.22665,507,2023-02,7.38
6693,Montenegro,4755.16735,600,2023-03,7.93
5058,Netherlands,817635.4,23334,2020-01,35.04
5101,Netherlands,755743.387,22232,2020-02,33.99
5144,Netherlands,611989.743,17050,2020-03,35.89
5187,Netherlands,255241.294,4234,2020-04,60.28
5230,Netherlands,357214.296,6205,2020-05,57.57
5273,Netherlands,413140.128,8440,2020-06,48.95
5316,Netherlands,540834.041,14145,2020-07,38.23
5359,Netherlands,597465.504,17663,2020-08,33.83
5403,Netherlands,555527.467,16722,2020-09,33.22
5446,Netherlands,566254.241,14345,2020-10,39.47
5489,Netherlands,535224.392,11427,2020-11,46.84
5532,Netherlands,547247.828,10802,2020-12,50.66
5575,Netherlands,521065.81235,9982,2021-01,52.2
5618,Netherlands,443251.96205,7810,2021-02,56.75
5661,Netherlands,499707.31025,10942,2021-03,45.67
5704,Netherlands,504894.34555,11932,2021-04,42.31
5747,Netherlands,532131.731,13015,2021-05,40.89
5790,Netherlands,561712.4732,15897,2021-06,35.33
5833,Netherlands,692696.70105,21631,2021-07,32.02
5876,Netherlands,727658.75915,23565,2021-08,30.88
5919,Netherlands,699733.3977,23019,2021-09,30.4
5962,Netherlands,737220.68915,22916,2021-10,32.17
6005,Netherlands,672158.67025,19836,2021-11,33.89
6048,Netherlands,695455.7074,19854,2021-12,35.03
6091,Netherlands,656753.2892,17903,2022-01,36.68
6134,Netherlands,594811.7349,17376,2022-02,34.23
6177,Netherlands,693722.5789,22753,2022-03,30.49
6220,Netherlands,739542.7842,24481,2022-04,30.21
6263,Netherlands,815569.97375,27646,2022-05,29.5
6307,Netherlands,809547.8205,27281,2022-06,29.67
6350,Netherlands,855825.41025,27311,2022-07,31.34
6393,Netherlands,855917.1022,27833,2022-08,30.75
6436,Netherlands,823072.44255,26882,2022-09,30.62
6479,Netherlands,827318.29515,26220,2022-10,31.55
6522,Netherlands,716391.89915,21157,2022-11,33.86
6565,Netherlands,724976.0836,20280,2022-12,35.75
6608,Netherlands,717301.9942,20635,2023-01,34.76
6651,Netherlands,666115.048,20073,2023-02,33.18
6694,Netherlands,766317.379,23465,2023-03,32.66
5059,North Macedonia,10462.922,757,2020-01,13.82
5102,North Macedonia,9306.044,692,2020-02,13.45
5145,North Macedonia,5562.946,436,2020-03,12.76
5188,North Macedonia,535.321,78,2020-04,6.86
5231,North Macedonia,403.223,67,2020-05,6.02
5274,North Macedonia,218.024,63,2020-06,3.46
5317,North Macedonia,6760.683,479,2020-07,14.11
5360,North Macedonia,6358.909,471,2020-08,13.5
5404,North Macedonia,4607.831,398,2020-09,11.58
5447,North Macedonia,3751.46,349,2020-10,10.75
5490,North Macedonia,3211.663,320,2020-11,10.04
5533,North Macedonia,3492.203,330,2020-12,10.58
5576,North Macedonia,3828.33835,349,2021-01,10.97
5619,North Macedonia,2940.92585,296,2021-02,9.94
5662,North Macedonia,3790.3962,386,2021-03,9.82
5705,North Macedonia,4163.13135,408,2021-04,10.2
5748,North Macedonia,5081.57685,527,2021-05,9.64
5791,North Macedonia,7864.59265,677,2021-06,11.62
5834,North Macedonia,12827.7767,943,2021-07,13.6
5877,North Macedonia,13479.32255,971,2021-08,13.88
5920,North Macedonia,10605.40305,839,2021-09,12.64
5963,North Macedonia,9103.067,653,2021-10,13.94
6006,North Macedonia,6887.7072,540,2021-11,12.76
6049,North Macedonia,8872.19235,645,2021-12,13.76
6092,North Macedonia,7442.7885,536,2022-01,13.89
6135,North Macedonia,5133.29425,409,2022-02,12.55
6178,North Macedonia,7536.0184,543,2022-03,13.88
6221,North Macedonia,9976.0167,699,2022-04,14.27
6264,North Macedonia,11533.61115,781,2022-05,14.77
6308,North Macedonia,13865.18715,1001,2022-06,13.85
6351,North Macedonia,15310.27485,1102,2022-07,13.89
6394,North Macedonia,15152.8419,1062,2022-08,14.27
6437,North Macedonia,13645.0338,979,2022-09,13.94
6480,North Macedonia,11365.05975,858,2022-10,13.25
6523,North Macedonia,8285.77575,676,2022-11,12.26
6566,North Macedonia,9315.24715,732,2022-12,12.73
6609,North Macedonia,8607.942,692,2023-01,12.44
6652,North Macedonia,7425.37215,598,2023-02,12.42
6695,North Macedonia,9405.21845,739,2023-03,12.73
5060,Norway,234018.624,28329,2020-01,8.26
5103,Norway,230803.666,26871,2020-02,8.59
5146,Norway,171517.703,21049,2020-03,8.15
5189,Norway,49819.928,9885,2020-04,5.04
5232,Norway,61506.94,10147,2020-05,6.06
5275,Norway,77888.148,13298,2020-06,5.86
5318,Norway,115798.27,18334,2020-07,6.32
5361,Norway,122660.633,19093,2020-08,6.42
5405,Norway,126828.221,20158,2020-09,6.29
5448,Norway,120315.319,19885,2020-10,6.05
5491,Norway,102402.86,17916,2020-11,5.72
5534,Norway,99562.534,16236,2020-12,6.13
5577,Norway,89911.8365,15594,2021-01,5.77
5620,Norway,72982.19985,13294,2021-02,5.49
5663,Norway,85557.3444,15502,2021-03,5.52
5706,Norway,81410.5825,14892,2021-04,5.47
5749,Norway,83303.71685,15470,2021-05,5.38
5792,Norway,100849.86195,17943,2021-06,5.62
5835,Norway,142439.97005,21045,2021-07,6.77
5878,Norway,152636.73685,23026,2021-08,6.63
5921,Norway,161499.7877,25313,2021-09,6.38
5964,Norway,175838.21055,26153,2021-10,6.72
6007,Norway,175590.8278,26766,2021-11,6.56
6050,Norway,175797.01175,25173,2021-12,6.98
6093,Norway,144708.4162,20783,2022-01,6.96
6136,Norway,135981.58245,19664,2022-02,6.92
6179,Norway,178345.9979,25848,2022-03,6.9
6222,Norway,201573.5511,26766,2022-04,7.53
6265,Norway,222515.701,30674,2022-05,7.25
6309,Norway,238278.1987,29565,2022-06,8.06
6352,Norway,237505.1911,26576,2022-07,8.94
6395,Norway,253478.6648,30645,2022-08,8.27
6438,Norway,238715.39155,31348,2022-09,7.62
6481,Norway,236258.18675,30546,2022-10,7.73
6524,Norway,195894.4623,27902,2022-11,7.02
6567,Norway,185567.1916,24899,2022-12,7.45
6610,Norway,179582.38365,25128,2023-01,7.15
6653,Norway,168528.0392,23085,2023-02,7.3
6696,Norway,205030.63595,28118,2023-03,7.29
5061,Poland,251641.754,17860,2020-01,14.09
5104,Poland,230098.189,16819,2020-02,13.68
5147,Poland,131765.601,9697,2020-03,13.59
5190,Poland,17653.363,1916,2020-04,9.21
5233,Poland,22742.152,2289,2020-05,9.94
5276,Poland,33237.247,3967,2020-06,8.38
5319,Poland,115454.76,10031,2020-07,11.51
5362,Poland,150067.85,12290,2020-08,12.21
5406,Poland,120897.606,11071,2020-09,10.92
5449,Poland,102652.657,9331,2020-10,11.0
5492,Poland,63039.266,6046,2020-11,10.43
5535,Poland,71581.251,5914,2020-12,12.1
5578,Poland,63352.4159,5059,2021-01,12.52
5621,Poland,45438.40055,3996,2021-02,11.37
5664,Poland,63049.6869,5652,2021-03,11.16
5707,Poland,74013.09645,5731,2021-04,12.91
5750,Poland,88113.9574,7045,2021-05,12.51
5793,Poland,160669.4021,11340,2021-06,14.17
5836,Poland,221104.20665,14728,2021-07,15.01
5879,Poland,236449.6668,15731,2021-08,15.03
5922,Poland,224665.92785,15611,2021-09,14.39
5965,Poland,196656.31555,14554,2021-10,13.51
6008,Poland,176718.55825,13845,2021-11,12.76
6051,Poland,192472.31775,13819,2021-12,13.93
6094,Poland,163159.80975,11461,2022-01,14.24
6137,Poland,151281.67,10587,2022-02,14.29
6180,Poland,212630.55305,14237,2022-03,14.94
6223,Poland,224300.60545,15405,2022-04,14.56
6266,Poland,256259.39615,18441,2022-05,13.9
6310,Poland,287621.81975,19872,2022-06,14.47
6353,Poland,310318.82125,20448,2022-07,15.18
6396,Poland,314463.48445,20692,2022-08,15.2
6439,Poland,293244.79445,20303,2022-09,14.44
6482,Poland,280769.19175,18842,2022-10,14.9
6525,Poland,220868.1049,14839,2022-11,14.88
6568,Poland,236068.256,14898,2022-12,15.85
6611,Poland,231788.9163,14698,2023-01,15.77
6654,Poland,211659.41515,13923,2023-02,15.2
6697,Poland,261811.04225,16422,2023-03,15.94
5062,Portugal,373186.365,15831,2020-01,23.57
5105,Portugal,353277.691,15257,2020-02,23.16
5148,Portugal,249096.925,10659,2020-03,23.37
5191,Portugal,26484.333,1354,2020-04,19.56
5234,Portugal,36865.631,1866,2020-05,19.76
5277,Portugal,54179.675,3263,2020-06,16.6
5320,Portugal,146169.733,9385,2020-07,15.57
5363,Portugal,215196.398,12978,2020-08,16.58
5407,Portugal,197315.901,11309,2020-09,17.45
5450,Portugal,186161.388,10198,2020-10,18.25
5493,Portugal,126477.881,6714,2020-11,18.84
5536,Portugal,142125.156,7228,2020-12,19.66
5579,Portugal,116613.09765,6207,2021-01,18.79
5622,Portugal,64533.50075,3726,2021-02,17.32
5665,Portugal,82058.5341,4538,2021-03,18.08
5708,Portugal,116913.70355,6853,2021-04,17.06
5751,Portugal,164770.06925,9373,2021-05,17.58
5794,Portugal,219333.83965,12740,2021-06,17.22
5837,Portugal,294957.3115,16148,2021-07,18.27
5880,Portugal,333882.35435,18024,2021-08,18.52
5923,Portugal,314462.7463,16508,2021-09,19.05
5966,Portugal,329857.5993,16734,2021-10,19.71
6009,Portugal,283563.51855,14108,2021-11,20.1
6052,Portugal,297896.0136,14377,2021-12,20.72
6095,Portugal,262083.29875,12533,2022-01,20.91
6138,Portugal,240494.0912,12175,2022-02,19.75
6181,Portugal,309347.9189,15509,2022-03,19.95
6224,Portugal,401341.954,19440,2022-04,20.65
6267,Portugal,430284.16125,20970,2022-05,20.52
6311,Portugal,449999.33985,21753,2022-06,20.69
6354,Portugal,485873.0807,23678,2022-07,20.52
6397,Portugal,491040.58575,23675,2022-08,20.74
6440,Portugal,462226.9966,22198,2022-09,20.82
6483,Portugal,454083.19765,21349,2022-10,21.27
6526,Portugal,350714.3381,16382,2022-11,21.41
6569,Portugal,363768.3062,16923,2022-12,21.5
6612,Portugal,359001.1739,16560,2023-01,21.68
6655,Portugal,330918.34325,15677,2023-02,21.11
6698,Portugal,390840.3122,18462,2023-03,21.17
5063,Romania,108893.537,7811,2020-01,13.94
5106,Romania,99684.295,7288,2020-02,13.68
5149,Romania,70212.122,4988,2020-03,14.08
5192,Romania,17551.543,1049,2020-04,16.73
5235,Romania,13048.146,1172,2020-05,11.13
5278,Romania,19044.189,2023,2020-06,9.41
5321,Romania,60120.027,4515,2020-07,13.32
5364,Romania,71399.436,4977,2020-08,14.35
5408,Romania,61760.952,4658,2020-09,13.26
5451,Romania,50265.127,4202,2020-10,11.96
5494,Romania,26500.457,2768,2020-11,9.57
5537,Romania,36546.533,3061,2020-12,11.94
5580,Romania,37356.2335,3070,2021-01,12.17
5623,Romania,27388.76045,2714,2021-02,10.09
5666,Romania,33456.2246,3196,2021-03,10.47
5709,Romania,47992.5203,4031,2021-04,11.91
5752,Romania,59700.64755,4864,2021-05,12.27
5795,Romania,83625.30675,6574,2021-06,12.72
5838,Romania,108260.2949,8069,2021-07,13.42
5881,Romania,117018.7125,8494,2021-08,13.78
5924,Romania,108739.91065,8211,2021-09,13.24
5967,Romania,95440.2259,7221,2021-10,13.22
6010,Romania,73569.2636,5797,2021-11,12.69
6053,Romania,88630.3133,6403,2021-12,13.84
6096,Romania,74725.89205,5617,2022-01,13.3
6139,Romania,62363.0971,5085,2022-02,12.26
6182,Romania,100716.47255,7191,2022-03,14.01
6225,Romania,119579.77805,8513,2022-04,14.05
6268,Romania,121789.93655,8938,2022-05,13.63
6312,Romania,125177.7992,9354,2022-06,13.38
6355,Romania,134083.0597,9925,2022-07,13.51
6398,Romania,136351.1647,9994,2022-08,13.64
6441,Romania,116746.65375,8859,2022-09,13.18
6484,Romania,110513.89395,8383,2022-10,13.18
6527,Romania,95786.1849,7553,2022-11,12.68
6570,Romania,102548.39035,7530,2022-12,13.62
6613,Romania,103433.3066,7428,2023-01,13.92
6656,Romania,90717.23345,6839,2023-02,13.26
6699,Romania,105058.30865,7877,2023-03,13.34
5064,Serbia,31231.851,2704,2020-01,11.55
5107,Serbia,28059.404,2595,2020-02,10.81
5150,Serbia,18280.173,1586,2020-03,11.53
5193,Serbia,7272.657,294,2020-04,24.74
5236,Serbia,6498.572,433,2020-05,15.01
5279,Serbia,10533.096,1115,2020-06,9.45
5322,Serbia,19170.553,1871,2020-07,10.25
5365,Serbia,20911.401,1933,2020-08,10.82
5409,Serbia,18698.699,1843,2020-09,10.15
5452,Serbia,20655.044,1863,2020-10,11.09
5495,Serbia,18206.789,1386,2020-11,13.14
5538,Serbia,15187.261,1273,2020-12,11.93
5581,Serbia,13359.6139,1112,2021-01,12.01
5624,Serbia,15742.6119,1078,2021-02,14.6
5667,Serbia,14523.5025,1347,2021-03,10.78
5710,Serbia,19078.99785,1542,2021-04,12.37
5753,Serbia,24927.57485,1865,2021-05,13.37
5796,Serbia,29810.33455,2604,2021-06,11.45
5839,Serbia,44026.80645,3497,2021-07,12.59
5882,Serbia,44326.6398,3547,2021-08,12.5
5925,Serbia,35470.92035,2964,2021-09,11.97
5968,Serbia,31898.55655,2567,2021-10,12.43
6011,Serbia,26069.83515,2256,2021-11,11.56
6054,Serbia,27084.39845,2301,2021-12,11.77
6097,Serbia,24852.6866,2197,2022-01,11.31
6140,Serbia,21147.23235,1836,2022-02,11.52
6183,Serbia,25248.3637,2296,2022-03,11.0
6226,Serbia,31073.82615,2581,2022-04,12.04
6269,Serbia,34235.2975,3028,2022-05,11.31
6313,Serbia,39388.50215,3542,2022-06,11.12
6356,Serbia,46086.5915,4150,2022-07,11.11
6399,Serbia,46477.3702,4082,2022-08,11.39
6442,Serbia,42159.52185,3745,2022-09,11.26
6485,Serbia,36869.04145,3338,2022-10,11.05
6528,Serbia,30551.52725,2856,2022-11,10.7
6571,Serbia,35616.62605,2978,2022-12,11.96
6614,Serbia,33637.42575,2870,2023-01,11.72
6657,Serbia,29574.7165,2574,2023-02,11.49
6700,Serbia,33840.4594,3001,2023-03,11.28
5065,Slovakia,9986.675,1062,2020-01,9.4
5108,Slovakia,9770.566,1059,2020-02,9.23
5151,Slovakia,5335.51,602,2020-03,8.86
5194,Slovakia,2263.855,241,2020-04,9.39
5237,Slovakia,1790.237,268,2020-05,6.68
5280,Slovakia,1942.769,474,2020-06,4.1
5323,Slovakia,3649.764,744,2020-07,4.91
5366,Slovakia,6526.433,921,2020-08,7.09
5410,Slovakia,4980.295,788,2020-09,6.32
5453,Slovakia,4171.945,603,2020-10,6.92
5496,Slovakia,2752.309,395,2020-11,6.97
5539,Slovakia,3170.452,488,2020-12,6.5
5582,Slovakia,3034.30355,346,2021-01,8.77
5625,Slovakia,2640.21915,385,2021-02,6.86
5668,Slovakia,2694.33125,409,2021-03,6.59
5711,Slovakia,1539.1182,338,2021-04,4.55
5754,Slovakia,2539.73995,535,2021-05,4.75
5797,Slovakia,5877.3709,841,2021-06,6.99
5840,Slovakia,9736.69125,1153,2021-07,8.44
5883,Slovakia,11166.5135,1187,2021-08,9.41
5926,Slovakia,8996.34965,1113,2021-09,8.08
5969,Slovakia,7795.05475,913,2021-10,8.54
6012,Slovakia,6432.79465,757,2021-11,8.5
6055,Slovakia,7504.518,809,2021-12,9.28
6098,Slovakia,5180.647,602,2022-01,8.61
6141,Slovakia,5661.4264,669,2022-02,8.46
6184,Slovakia,8563.1025,993,2022-03,8.62
6227,Slovakia,9009.0044,1008,2022-04,8.94
6270,Slovakia,11661.70365,1267,2022-05,9.2
6314,Slovakia,16570.88315,1587,2022-06,10.44
6357,Slovakia,20619.0942,1815,2022-07,11.36
6400,Slovakia,20718.96985,1820,2022-08,11.38
6443,Slovakia,16163.4738,1527,2022-09,10.59
6486,Slovakia,10177.4967,1199,2022-10,8.49
6529,Slovakia,7381.659,890,2022-11,8.29
6572,Slovakia,7260.2965,764,2022-12,9.5
6615,Slovakia,6890.6232,753,2023-01,9.15
6658,Slovakia,6948.39125,830,2023-02,8.37
6701,Slovakia,8697.0387,1076,2023-03,8.08
5066,Slovenia,5720.475,926,2020-01,6.18
5109,Slovenia,5607.403,822,2020-02,6.82
5152,Slovenia,3668.661,580,2020-03,6.33
5195,Slovenia,2788.971,275,2020-04,10.14
5238,Slovenia,1509.985,262,2020-05,5.76
5281,Slovenia,1628.799,556,2020-06,2.93
5324,Slovenia,2643.556,658,2020-07,4.02
5367,Slovenia,3042.035,742,2020-08,4.1
5411,Slovenia,2551.092,713,2020-09,3.58
5454,Slovenia,1886.757,535,2020-10,3.53
5497,Slovenia,1467.202,360,2020-11,4.08
5540,Slovenia,1771.604,363,2020-12,4.88
5583,Slovenia,1698.4477,390,2021-01,4.35
5626,Slovenia,2120.13685,419,2021-02,5.06
5669,Slovenia,1922.85815,520,2021-03,3.7
5712,Slovenia,2049.07655,464,2021-04,4.42
5755,Slovenia,2882.5941,670,2021-05,4.3
5798,Slovenia,4091.43095,851,2021-06,4.81
5841,Slovenia,6316.7456,1095,2021-07,5.77
5884,Slovenia,6101.8112,1104,2021-08,5.53
5927,Slovenia,5793.99005,1070,2021-09,5.41
5970,Slovenia,5834.45525,912,2021-10,6.4
6013,Slovenia,4520.5323,728,2021-11,6.21
6056,Slovenia,4957.62665,703,2021-12,7.05
6099,Slovenia,4526.44435,677,2022-01,6.69
6142,Slovenia,4103.1455,645,2022-02,6.36
6185,Slovenia,4854.91675,844,2022-03,5.75
6228,Slovenia,6675.72805,853,2022-04,7.83
6271,Slovenia,7065.4518,1043,2022-05,6.77
6315,Slovenia,7950.7586,1158,2022-06,6.87
6358,Slovenia,9188.0395,1132,2022-07,8.12
6401,Slovenia,8659.5265,1094,2022-08,7.92
6444,Slovenia,8518.595,1109,2022-09,7.68
6487,Slovenia,6841.44585,1027,2022-10,6.66
6530,Slovenia,5201.0012,834,2022-11,6.24
6573,Slovenia,5218.3272,766,2022-12,6.81
6616,Slovenia,5150.3151,754,2023-01,6.83
6659,Slovenia,5058.55095,775,2023-02,6.53
6702,Slovenia,6484.1022,937,2023-03,6.92
5067,Spain,1215132.729,54921,2020-01,22.13
5110,Spain,1143082.285,54553,2020-02,20.95
5153,Spain,770115.981,35240,2020-03,21.85
5196,Spain,131956.436,4899,2020-04,26.94
5239,Spain,176904.165,6384,2020-05,27.71
5282,Spain,170971.139,10506,2020-06,16.27
5325,Spain,528440.865,37933,2020-07,13.93
5368,Spain,697484.907,47945,2020-08,14.55
5412,Spain,531274.396,34567,2020-09,15.37
5455,Spain,474725.271,28655,2020-10,16.57
5498,Spain,360403.122,19687,2020-11,18.31
5541,Spain,424140.786,22273,2020-12,19.04
5584,Spain,366865.7784,18643,2021-01,19.68
5627,Spain,310537.4119,16211,2021-02,19.16
5670,Spain,370811.94005,21115,2021-03,17.56
5713,Spain,424739.32035,24092,2021-04,17.63
5756,Spain,519106.04825,32076,2021-05,16.18
5799,Spain,725418.2589,45046,2021-06,16.1
5842,Spain,1102728.06125,66183,2021-07,16.66
5885,Spain,1172436.1714,69248,2021-08,16.93
5928,Spain,1098939.08635,62930,2021-09,17.46
5971,Spain,1112773.70905,61605,2021-10,18.06
6014,Spain,895154.61225,46859,2021-11,19.1
6057,Spain,967817.8719,47780,2021-12,20.26
6100,Spain,839824.4523,42079,2022-01,19.96
6143,Spain,796887.5497,41505,2022-02,19.2
6186,Spain,997051.86445,52267,2022-03,19.08
6229,Spain,1280113.5779,68284,2022-04,18.75
6272,Spain,1416590.5029,77078,2022-05,18.38
6316,Spain,1469755.27915,80047,2022-06,18.36
6359,Spain,1606827.05815,86521,2022-07,18.57
6402,Spain,1598590.5199,84209,2022-08,18.98
6445,Spain,1481440.26675,78630,2022-09,18.84
6488,Spain,1450518.736,76401,2022-10,18.99
6531,Spain,1092039.04835,54557,2022-11,20.02
6574,Spain,1124261.42435,54192,2022-12,20.75
6617,Spain,1064098.58085,52344,2023-01,20.33
6660,Spain,994773.7736,50651,2023-02,19.64
6703,Spain,1204032.6515,61149,2023-03,19.69
5068,Sweden,242394.506,19318,2020-01,12.55
5111,Sweden,229326.125,19401,2020-02,11.82
5154,Sweden,171656.41,14854,2020-03,11.56
5197,Sweden,23197.342,3596,2020-04,6.45
5240,Sweden,27037.765,3828,2020-05,7.06
5283,Sweden,31782.323,4872,2020-06,6.52
5326,Sweden,57295.579,6661,2020-07,8.6
5369,Sweden,71864.088,7915,2020-08,9.08
5413,Sweden,72320.199,8708,2020-09,8.31
5456,Sweden,75748.443,8888,2020-10,8.52
5499,Sweden,60309.648,7482,2020-11,8.06
5542,Sweden,59163.823,6452,2020-12,9.17
5585,Sweden,53419.43835,5627,2021-01,9.49
5628,Sweden,44104.8734,5352,2021-02,8.24
5671,Sweden,51049.8163,6434,2021-03,7.93
5714,Sweden,52730.40455,6578,2021-04,8.02
5757,Sweden,59098.53735,7400,2021-05,7.99
5800,Sweden,83698.4352,9350,2021-06,8.95
5843,Sweden,120637.3621,11287,2021-07,10.69
5886,Sweden,124475.4984,12341,2021-08,10.09
5929,Sweden,127622.84085,13718,2021-09,9.3
5972,Sweden,136986.5532,14158,2021-10,9.68
6015,Sweden,142967.60265,13954,2021-11,10.25
6058,Sweden,161412.91385,13618,2021-12,11.85
6101,Sweden,144162.20555,11430,2022-01,12.61
6144,Sweden,122309.82005,10785,2022-02,11.34
6187,Sweden,149589.3843,13777,2022-03,10.86
6230,Sweden,177021.07,15901,2022-04,11.13
6273,Sweden,190470.0836,18174,2022-05,10.48
6317,Sweden,204560.88665,18225,2022-06,11.22
6360,Sweden,198363.4466,15898,2022-07,12.48
6403,Sweden,207718.16345,17953,2022-08,11.57
6446,Sweden,202573.93095,18702,2022-09,10.83
6489,Sweden,197128.6822,18007,2022-10,10.95
6532,Sweden,170944.7396,16471,2022-11,10.38
6575,Sweden,175286.56325,15117,2022-12,11.6
6618,Sweden,168678.7983,15080,2023-01,11.19
6661,Sweden,157941.7051,14852,2023-02,10.63
6704,Sweden,183994.6996,17603,2023-03,10.45
5069,Switzerland,469900.451,20226,2020-01,23.23
5112,Switzerland,429986.965,19244,2020-02,22.34
5155,Switzerland,276729.776,11930,2020-03,23.2
5198,Switzerland,46882.671,1859,2020-04,25.22
5241,Switzerland,72826.772,3131,2020-05,23.26
5284,Switzerland,84598.336,5525,2020-06,15.31
5327,Switzerland,151964.744,10265,2020-07,14.8
5370,Switzerland,170027.833,11445,2020-08,14.86
5414,Switzerland,152346.331,9811,2020-09,15.53
5457,Switzerland,151512.645,8464,2020-10,17.9
5500,Switzerland,120885.5,6039,2020-11,20.02
5543,Switzerland,139410.892,7158,2020-12,19.48
5586,Switzerland,129998.99175,6430,2021-01,20.22
5629,Switzerland,117622.45975,5850,2021-02,20.11
5672,Switzerland,131296.5813,6613,2021-03,19.85
5715,Switzerland,147338.6935,7291,2021-04,20.21
5758,Switzerland,158794.704,8259,2021-05,19.23
5801,Switzerland,171800.32325,10478,2021-06,16.4
5844,Switzerland,263080.45335,15237,2021-07,17.27
5887,Switzerland,280959.5796,16139,2021-08,17.41
5930,Switzerland,262637.8482,15771,2021-09,16.65
5973,Switzerland,293218.48545,16159,2021-10,18.15
6016,Switzerland,258231.3794,13024,2021-11,19.83
6059,Switzerland,291367.4774,14426,2021-12,20.2
6102,Switzerland,286948.2665,14234,2022-01,20.16
6145,Switzerland,262448.9837,14218,2022-02,18.46
6188,Switzerland,316126.0821,16912,2022-03,18.69
6231,Switzerland,340661.4767,17499,2022-04,19.47
6274,Switzerland,354064.1289,19250,2022-05,18.39
6318,Switzerland,369678.39235,19171,2022-06,19.28
6361,Switzerland,431167.7378,20625,2022-07,20.91
6404,Switzerland,422649.0894,20178,2022-08,20.95
6447,Switzerland,396244.9201,19600,2022-09,20.22
6490,Switzerland,410707.1098,19257,2022-10,21.33
6533,Switzerland,356460.5917,15766,2022-11,22.61
6576,Switzerland,389290.15525,17731,2022-12,21.96
6619,Switzerland,384962.123,17594,2023-01,21.88
6662,Switzerland,355368.95585,17296,2023-02,20.55
6705,Switzerland,405802.0354,19096,2023-03,21.25
5070,Trkiye,1127832.285,46416,2020-01,24.3
5113,Trkiye,1013160.787,42391,2020-02,23.9
5156,Trkiye,692664.578,30163,2020-03,22.96
5199,Trkiye,130628.402,2529,2020-04,51.65
5242,Trkiye,187085.615,3316,2020-05,56.42
5285,Trkiye,348689.303,15360,2020-06,22.7
5328,Trkiye,566549.878,29094,2020-07,19.47
5371,Trkiye,782320.819,38147,2020-08,20.51
5415,Trkiye,798283.884,37256,2020-09,21.43
5458,Trkiye,790929.32,35601,2020-10,22.22
5501,Trkiye,623061.377,27901,2020-11,22.33
5544,Trkiye,591315.105,23176,2020-12,25.51
5587,Trkiye,594242.66295,23480,2021-01,25.31
5630,Trkiye,542824.81165,22728,2021-02,23.88
5673,Trkiye,685150.43405,29083,2021-03,23.56
5716,Trkiye,711918.89205,28740,2021-04,24.77
5759,Trkiye,677552.58145,25564,2021-05,26.5
5802,Trkiye,933401.1663,42216,2021-06,22.11
5845,Trkiye,1364611.32655,60213,2021-07,22.66
5888,Trkiye,1414516.85985,61558,2021-08,22.98
5931,Trkiye,1300808.44725,55867,2021-09,23.28
5974,Trkiye,1333306.70995,55484,2021-10,24.03
6017,Trkiye,978565.1526,41005,2021-11,23.86
6060,Trkiye,960885.06375,38709,2021-12,24.82
6103,Trkiye,888403.219,35838,2022-01,24.79
6146,Trkiye,826540.93735,33874,2022-02,24.4
6189,Trkiye,960530.4561,37240,2022-03,25.79
6232,Trkiye,1110905.0418,43148,2022-04,25.75
6275,Trkiye,1358792.92685,54923,2022-05,24.74
6319,Trkiye,1536942.4176,60452,2022-06,25.42
6362,Trkiye,1734167.96365,67862,2022-07,25.55
6405,Trkiye,1764257.9829,68040,2022-08,25.93
6448,Trkiye,1611744.49975,61497,2022-09,26.21
6491,Trkiye,1513772.4345,57265,2022-10,26.43
6534,Trkiye,1180965.5211,45520,2022-11,25.94
6577,Trkiye,1156248.15625,44726,2022-12,25.85
6620,Trkiye,1194945.80275,46596,2023-01,25.64
6663,Trkiye,1132896.52495,45244,2023-02,25.04
6706,Trkiye,1258313.33895,47981,2023-03,26.23
5071,United Kingdom,2748923.227,87146,2020-01,31.54
5114,United Kingdom,2545390.315,85049,2020-02,29.93
5157,United Kingdom,1978777.269,60949,2020-03,32.47
5200,United Kingdom,410791.445,9986,2020-04,41.14
5243,United Kingdom,562576.56,12072,2020-05,46.6
5286,United Kingdom,614938.879,15910,2020-06,38.65
5329,United Kingdom,862076.439,35111,2020-07,24.55
5372,United Kingdom,1121783.759,49247,2020-08,22.78
5416,United Kingdom,1129589.351,46940,2020-09,24.06
5459,United Kingdom,1114117.173,41206,2020-10,27.04
5502,United Kingdom,898437.853,24788,2020-11,36.24
5545,United Kingdom,996281.595,28444,2020-12,35.03
5588,United Kingdom,765614.32205,20024,2021-01,38.23
5631,United Kingdom,632903.32195,15700,2021-02,40.31
5674,United Kingdom,762742.9366,19639,2021-03,38.84
5717,United Kingdom,754365.2258,21253,2021-04,35.49
5760,United Kingdom,811337.78655,27083,2021-05,29.96
5803,United Kingdom,945559.2897,37391,2021-06,25.29
5846,United Kingdom,1146295.6928,50192,2021-07,22.84
5889,United Kingdom,1401767.22385,60857,2021-08,23.03
5932,United Kingdom,1519089.97055,64508,2021-09,23.55
5975,United Kingdom,1690009.0003,67269,2021-10,25.12
6018,United Kingdom,1603625.89945,60200,2021-11,26.64
6061,United Kingdom,1803535.60705,61652,2021-12,29.25
6104,United Kingdom,1597404.1417,49533,2022-01,32.25
6147,United Kingdom,1522545.80365,53706,2022-02,28.35
6190,United Kingdom,1907656.5936,70167,2022-03,27.19
6233,United Kingdom,2194921.269,83090,2022-04,26.42
6276,United Kingdom,2512608.59395,95420,2022-05,26.33
6320,United Kingdom,2613880.2531,97506,2022-06,26.81
6363,United Kingdom,2752992.73435,101035,2022-07,27.25
6406,United Kingdom,2743948.63165,99167,2022-08,27.67
6449,United Kingdom,2642367.93935,96192,2022-09,27.47
6492,United Kingdom,2613441.0407,94606,2022-10,27.62
6535,United Kingdom,2230368.0949,75211,2022-11,29.65
6578,United Kingdom,2350692.3232,76688,2022-12,30.65
6621,United Kingdom,2307158.52535,74769,2023-01,30.86
6664,United Kingdom,2156078.0173,72494,2023-02,29.74
6707,United Kingdom,2491117.5236,83848,2023-03,29.71
